"","patient","sample_names","sample_type","IDH.status","IDH.codel.subtype","IDH.specific.DNA.Methylation.Cluster","IDH.specific.RNA.Expression.Cluster"
"1","TCGA-CS-4938","TCGA-CS-4938-01B-11R-1896-07","Primary Tumor","Mutant","IDHmut-non-codel","IDHmut-K2","IDHmut-R3"
"2","TCGA-CS-4941","TCGA-CS-4941-01A-01R-1470-07","Primary Tumor","WT","IDHwt","IDHwt-K2","IDHwt-R2"
"3","TCGA-CS-4942","TCGA-CS-4942-01A-01R-1470-07","Primary Tumor","Mutant","IDHmut-non-codel","IDHmut-K2","IDHmut-R3"
"4","TCGA-CS-4943","TCGA-CS-4943-01A-01R-1470-07","Primary Tumor","Mutant","IDHmut-non-codel","IDHmut-K2","IDHmut-R3"
"5","TCGA-CS-4944","TCGA-CS-4944-01A-01R-1470-07","Primary Tumor","Mutant","IDHmut-non-codel","IDHmut-K2","IDHmut-R3"
"6","TCGA-CS-5390","TCGA-CS-5390-01A-02R-1470-07","Primary Tumor","Mutant","IDHmut-codel","IDHmut-K3","IDHmut-R1"
"7","TCGA-CS-5393","TCGA-CS-5393-01A-01R-1470-07","Primary Tumor","Mutant","IDHmut-non-codel","IDHmut-K2","IDHmut-R3"
"8","TCGA-CS-5394","TCGA-CS-5394-01A-01R-1470-07","Primary Tumor","Mutant","IDHmut-non-codel","IDHmut-K3","IDHmut-R1"
"9","TCGA-CS-5395","TCGA-CS-5395-01A-01R-1470-07","Primary Tumor","WT","IDHwt","IDHwt-K2","IDHwt-R4"
"10","TCGA-CS-5396","TCGA-CS-5396-01A-02R-1470-07","Primary Tumor","Mutant","IDHmut-codel","IDHmut-K3","IDHmut-R1"
"11","TCGA-CS-5397","TCGA-CS-5397-01A-01R-1896-07","Primary Tumor","WT","IDHwt","IDHwt-K2","IDHwt-R4"
"12","TCGA-CS-6186","TCGA-CS-6186-01A-12R-2027-07","Primary Tumor","WT","IDHwt","IDHwt-K1","IDHwt-R3"
"13","TCGA-CS-6188","TCGA-CS-6188-01A-11R-1896-07","Primary Tumor","WT","IDHwt","IDHwt-K2","IDHwt-R3"
"14","TCGA-CS-6290","TCGA-CS-6290-01A-11R-1708-07","Primary Tumor","Mutant","IDHmut-non-codel","IDHmut-K2","IDHmut-R3"
"15","TCGA-CS-6665","TCGA-CS-6665-01A-11R-1896-07","Primary Tumor","Mutant","IDHmut-non-codel","IDHmut-K1","IDHmut-R3"
"16","TCGA-CS-6666","TCGA-CS-6666-01A-11R-1896-07","Primary Tumor","Mutant","IDHmut-non-codel","IDHmut-K2","IDHmut-R3"
"17","TCGA-CS-6667","TCGA-CS-6667-01A-12R-2027-07","Primary Tumor","Mutant","IDHmut-non-codel","IDHmut-K2","IDHmut-R3"
"18","TCGA-CS-6668","TCGA-CS-6668-01A-11R-1896-07","Primary Tumor","Mutant","IDHmut-codel","IDHmut-K3","IDHmut-R1"
"19","TCGA-CS-6669","TCGA-CS-6669-01A-11R-1896-07","Primary Tumor","WT","IDHwt","IDHwt-K3","IDHwt-R4"
"20","TCGA-CS-6670","TCGA-CS-6670-01A-11R-1896-07","Primary Tumor","Mutant","IDHmut-codel","IDHmut-K3","IDHmut-R2"
"21","TCGA-DB-5270","TCGA-DB-5270-01A-02R-1470-07","Primary Tumor","Mutant","IDHmut-non-codel","IDHmut-K2","IDHmut-R2"
"22","TCGA-DB-5273","TCGA-DB-5273-01A-01R-1470-07","Primary Tumor","Mutant","IDHmut-non-codel","IDHmut-K2","IDHmut-R3"
"23","TCGA-DB-5274","TCGA-DB-5274-01A-01R-1470-07","Primary Tumor","Mutant","IDHmut-codel","IDHmut-K3","IDHmut-R1"
"24","TCGA-DB-5275","TCGA-DB-5275-01A-01R-1470-07","Primary Tumor","Mutant","IDHmut-non-codel","IDHmut-K2","IDHmut-R3"
"25","TCGA-DB-5276","TCGA-DB-5276-01A-01R-1470-07","Primary Tumor","Mutant","IDHmut-non-codel","IDHmut-K2","IDHmut-R3"
"26","TCGA-DB-5277","TCGA-DB-5277-01A-01R-1470-07","Primary Tumor","Mutant","IDHmut-non-codel","IDHmut-K1","IDHmut-R3"
"27","TCGA-DB-5278","TCGA-DB-5278-01A-01R-1470-07","Primary Tumor","Mutant","IDHmut-codel","IDHmut-K3","IDHmut-R2"
"28","TCGA-DB-5279","TCGA-DB-5279-01A-03R-2347-07","Primary Tumor","Mutant","IDHmut-codel","IDHmut-K3","IDHmut-R2"
"29","TCGA-DB-5280","TCGA-DB-5280-01A-01R-1470-07","Primary Tumor","Mutant","IDHmut-non-codel","IDHmut-K2","IDHmut-R3"
"30","TCGA-DB-5281","TCGA-DB-5281-01A-01R-1470-07","Primary Tumor","Mutant","IDHmut-non-codel","IDHmut-K2","IDHmut-R2"
"31","TCGA-DB-A4X9","TCGA-DB-A4X9-01A-11R-A26U-07","Primary Tumor","Mutant","IDHmut-non-codel","IDHmut-K2","IDHmut-R3"
"32","TCGA-DB-A4XA","TCGA-DB-A4XA-01A-11R-A26U-07","Primary Tumor","Mutant","IDHmut-codel","IDHmut-K3","IDHmut-R1"
"33","TCGA-DB-A4XB","TCGA-DB-A4XB-01A-11R-A26U-07","Primary Tumor","Mutant","IDHmut-non-codel","IDHmut-K2","IDHmut-R2"
"34","TCGA-DB-A4XC","TCGA-DB-A4XC-01A-11R-A26U-07","Primary Tumor","Mutant","IDHmut-non-codel","IDHmut-K2","IDHmut-R2"
"35","TCGA-DB-A4XD","TCGA-DB-A4XD-01A-11R-A27Q-07","Primary Tumor","Mutant","IDHmut-non-codel","IDHmut-K2","IDHmut-R3"
"36","TCGA-DB-A4XE","TCGA-DB-A4XE-01A-11R-A27Q-07","Primary Tumor","Mutant","IDHmut-non-codel","IDHmut-K2","IDHmut-R3"
"37","TCGA-DB-A4XF","TCGA-DB-A4XF-01A-11R-A27Q-07","Primary Tumor","Mutant","IDHmut-non-codel","IDHmut-K2","IDHmut-R3"
"38","TCGA-DB-A4XG","TCGA-DB-A4XG-01A-11R-A27Q-07","Primary Tumor","Mutant","IDHmut-codel","IDHmut-K3","IDHmut-R2"
"39","TCGA-DB-A4XH","TCGA-DB-A4XH-01A-11R-A27Q-07","Primary Tumor","Mutant","IDHmut-codel","IDHmut-K3","IDHmut-R2"
"40","TCGA-DB-A64L","TCGA-DB-A64L-01A-11R-A29R-07","Primary Tumor","Mutant","IDHmut-codel","IDHmut-K3","IDHmut-R2"
"41","TCGA-DB-A64O","TCGA-DB-A64O-01A-11R-A29R-07","Primary Tumor","WT","IDHwt","IDHwt-K2","IDHwt-R4"
"42","TCGA-DB-A64P","TCGA-DB-A64P-01A-11R-A29R-07","Primary Tumor","Mutant","IDHmut-codel","IDHmut-K3","IDHmut-R1"
"43","TCGA-DB-A64Q","TCGA-DB-A64Q-01A-11R-A29R-07","Primary Tumor","Mutant","IDHmut-codel","IDHmut-K3","IDHmut-R1"
"44","TCGA-DB-A64R","TCGA-DB-A64R-01A-11R-A29R-07","Primary Tumor","Mutant","IDHmut-codel","IDHmut-K3","IDHmut-R1"
"45","TCGA-DB-A64S","TCGA-DB-A64S-01A-11R-A29R-07","Primary Tumor","Mutant","IDHmut-non-codel","IDHmut-K2","IDHmut-R3"
"46","TCGA-DB-A64U","TCGA-DB-A64U-01A-11R-A29R-07","Primary Tumor","Mutant","IDHmut-codel","IDHmut-K3","IDHmut-R1"
"47","TCGA-DB-A64V","TCGA-DB-A64V-01A-11R-A29R-07","Primary Tumor","Mutant","IDHmut-codel","IDHmut-K3","IDHmut-R3"
"48","TCGA-DB-A64W","TCGA-DB-A64W-01A-11R-A29R-07","Primary Tumor","Mutant","IDHmut-codel","IDHmut-K3","IDHmut-R1"
"49","TCGA-DB-A64X","TCGA-DB-A64X-01A-11R-A29R-07","Primary Tumor","Mutant","IDHmut-non-codel","IDHmut-K2","IDHmut-R3"
"50","TCGA-DB-A75K","TCGA-DB-A75K-01A-11R-A32Q-07","Primary Tumor","Mutant","IDHmut-codel","IDHmut-K3","IDHmut-R1"
"51","TCGA-DB-A75L","TCGA-DB-A75L-01A-11R-A32Q-07","Primary Tumor","Mutant","IDHmut-non-codel","IDHmut-K2","IDHmut-R3"
"52","TCGA-DB-A75M","TCGA-DB-A75M-01A-11R-A32Q-07","Primary Tumor","Mutant","IDHmut-non-codel","IDHmut-K2","IDHmut-R3"
"53","TCGA-DB-A75O","TCGA-DB-A75O-01A-11R-A32Q-07","Primary Tumor","Mutant","IDHmut-non-codel","IDHmut-K2","IDHmut-R3"
"54","TCGA-DB-A75P","TCGA-DB-A75P-01A-11R-A32Q-07","Primary Tumor","WT","IDHwt","IDHwt-K3","IDHwt-R4"
"55","TCGA-DH-5140","TCGA-DH-5140-01A-01R-1470-07","Primary Tumor","WT","IDHwt","IDHwt-K3","IDHwt-R3"
"56","TCGA-DH-5141","TCGA-DH-5141-01A-01R-1470-07","Primary Tumor","Mutant","IDHmut-codel","IDHmut-K3","IDHmut-R1"
"57","TCGA-DH-5142","TCGA-DH-5142-01A-01R-1470-07","Primary Tumor","Mutant","IDHmut-non-codel","IDHmut-K2","IDHmut-R3"
"58","TCGA-DH-5143","TCGA-DH-5143-01A-01R-1470-07","Primary Tumor","Mutant","IDHmut-non-codel","IDHmut-K2","IDHmut-R2"
"59","TCGA-DH-5144","TCGA-DH-5144-01A-01R-1470-07","Primary Tumor","Mutant","IDHmut-codel","IDHmut-K3","IDHmut-R1"
"60","TCGA-DH-A669","TCGA-DH-A669-01A-12R-A31N-07","Primary Tumor","Mutant","IDHmut-codel","IDHmut-K3","IDHmut-R1"
"61","TCGA-DH-A669","TCGA-DH-A669-02A-11R-A31N-07","Recurrent Tumor","Mutant","IDHmut-codel","IDHmut-K3","IDHmut-R1"
"62","TCGA-DH-A66B","TCGA-DH-A66B-01A-11R-A29R-07","Primary Tumor","Mutant","IDHmut-non-codel","IDHmut-K2","IDHmut-R3"
"63","TCGA-DH-A66D","TCGA-DH-A66D-01A-11R-A31N-07","Primary Tumor","Mutant","IDHmut-non-codel","IDHmut-K2","IDHmut-R3"
"64","TCGA-DH-A66F","TCGA-DH-A66F-01A-11R-A29R-07","Primary Tumor","Mutant","IDHmut-codel","IDHmut-K3","IDHmut-R1"
"65","TCGA-DH-A66G","TCGA-DH-A66G-01A-21R-A31N-07","Primary Tumor","Mutant","IDHmut-non-codel","IDHmut-K2",NA
"66","TCGA-DH-A7UR","TCGA-DH-A7UR-01A-11R-A33Z-07","Primary Tumor","Mutant","IDHmut-codel","IDHmut-K3","IDHmut-R1"
"67","TCGA-DH-A7US","TCGA-DH-A7US-01A-11R-A33Z-07","Primary Tumor","Mutant","IDHmut-codel","IDHmut-K3","IDHmut-R1"
"68","TCGA-DH-A7UT","TCGA-DH-A7UT-01A-12R-A34F-07","Primary Tumor","Mutant","IDHmut-non-codel","IDHmut-K1","IDHmut-R3"
"69","TCGA-DH-A7UU","TCGA-DH-A7UU-01A-12R-A34F-07","Primary Tumor","Mutant","IDHmut-non-codel","IDHmut-K2","IDHmut-R3"
"70","TCGA-DH-A7UV","TCGA-DH-A7UV-01A-12R-A34F-07","Primary Tumor","Mutant","IDHmut-non-codel","IDHmut-K2","IDHmut-R3"
"71","TCGA-DU-5847","TCGA-DU-5847-01A-11R-1708-07","Primary Tumor","WT","IDHwt","IDHwt-K2","IDHwt-R2"
"72","TCGA-DU-5849","TCGA-DU-5849-01A-11R-1708-07","Primary Tumor","Mutant","IDHmut-codel","IDHmut-K3","IDHmut-R2"
"73","TCGA-DU-5851","TCGA-DU-5851-01A-13R-1896-07","Primary Tumor","Mutant","IDHmut-non-codel","IDHmut-K2","IDHmut-R2"
"74","TCGA-DU-5852","TCGA-DU-5852-01A-11R-1708-07","Primary Tumor","WT","IDHwt","IDHwt-K2","IDHwt-R3"
"75","TCGA-DU-5853","TCGA-DU-5853-01A-11R-1896-07","Primary Tumor","Mutant","IDHmut-non-codel","IDHmut-K2","IDHmut-R3"
"76","TCGA-DU-5854","TCGA-DU-5854-01A-11R-1708-07","Primary Tumor","WT","IDHwt","IDHwt-K2","IDHwt-R2"
"77","TCGA-DU-5855","TCGA-DU-5855-01A-11R-1708-07","Primary Tumor","Mutant","IDHmut-non-codel","IDHmut-K2","IDHmut-R3"
"78","TCGA-DU-5870","TCGA-DU-5870-02A-12R-A36H-07","Recurrent Tumor","Mutant","IDHmut-codel","IDHmut-K3","IDHmut-R1"
"79","TCGA-DU-5870","TCGA-DU-5870-01A-11R-1708-07","Primary Tumor","Mutant","IDHmut-codel","IDHmut-K3","IDHmut-R1"
"80","TCGA-DU-5871","TCGA-DU-5871-01A-12R-1708-07","Primary Tumor","Mutant","IDHmut-non-codel","IDHmut-K2","IDHmut-R3"
"81","TCGA-DU-5872","TCGA-DU-5872-02A-21R-A36H-07","Recurrent Tumor","Mutant","IDHmut-non-codel","IDHmut-K2","IDHmut-R3"
"82","TCGA-DU-5872","TCGA-DU-5872-01A-11R-1708-07","Primary Tumor","Mutant","IDHmut-non-codel","IDHmut-K2","IDHmut-R3"
"83","TCGA-DU-5874","TCGA-DU-5874-01A-11R-1708-07","Primary Tumor","Mutant","IDHmut-codel","IDHmut-K3","IDHmut-R1"
"84","TCGA-DU-6392","TCGA-DU-6392-01A-11R-1708-07","Primary Tumor","WT","IDHwt","IDHwt-K3","IDHwt-R3"
"85","TCGA-DU-6393","TCGA-DU-6393-01A-11R-1708-07","Primary Tumor","Mutant","IDHmut-codel","IDHmut-K3","IDHmut-R1"
"86","TCGA-DU-6394","TCGA-DU-6394-01A-11R-1708-07","Primary Tumor","Mutant","IDHmut-codel","IDHmut-K3","IDHmut-R1"
"87","TCGA-DU-6395","TCGA-DU-6395-01A-13R-1708-07","Primary Tumor","Mutant","IDHmut-non-codel","IDHmut-K2","IDHmut-R3"
"88","TCGA-DU-6396","TCGA-DU-6396-01A-11R-1708-07","Primary Tumor","Mutant","IDHmut-non-codel","IDHmut-K2","IDHmut-R3"
"89","TCGA-DU-6397","TCGA-DU-6397-02A-12R-A36H-07","Recurrent Tumor","Mutant","IDHmut-codel","IDHmut-K3","IDHmut-R1"
"90","TCGA-DU-6397","TCGA-DU-6397-01A-11R-1708-07","Primary Tumor","Mutant","IDHmut-codel","IDHmut-K3","IDHmut-R1"
"91","TCGA-DU-6399","TCGA-DU-6399-01A-12R-1708-07","Primary Tumor","Mutant","IDHmut-non-codel","IDHmut-K2","IDHwt-R3"
"92","TCGA-DU-6400","TCGA-DU-6400-01A-12R-1708-07","Primary Tumor","Mutant","IDHmut-codel","IDHmut-K3","IDHmut-R1"
"93","TCGA-DU-6401","TCGA-DU-6401-01A-11R-1708-07","Primary Tumor","Mutant","IDHmut-non-codel","IDHmut-K2","IDHmut-R3"
"94","TCGA-DU-6402","TCGA-DU-6402-01A-11R-1708-07","Primary Tumor","WT","IDHwt","IDHwt-K1","IDHwt-R2"
"95","TCGA-DU-6403","TCGA-DU-6403-01A-11R-1708-07","Primary Tumor","WT","IDHwt","IDHwt-K1","IDHwt-R3"
"96","TCGA-DU-6404","TCGA-DU-6404-01A-11R-1708-07","Primary Tumor","WT","IDHwt","IDHwt-K3","IDHwt-R2"
"97","TCGA-DU-6404","TCGA-DU-6404-02B-11R-A36H-07","Recurrent Tumor","WT","IDHwt","IDHwt-K3","IDHwt-R2"
"98","TCGA-DU-6404","TCGA-DU-6404-02A-21R-A36H-07","Recurrent Tumor","WT","IDHwt","IDHwt-K3","IDHwt-R2"
"99","TCGA-DU-6405","TCGA-DU-6405-01A-11R-1708-07","Primary Tumor","WT","IDHwt","IDHwt-K1","IDHwt-R1"
"100","TCGA-DU-6406","TCGA-DU-6406-01A-11R-1708-07","Primary Tumor","WT","IDHwt","IDHwt-K1","IDHwt-R1"
"101","TCGA-DU-6407","TCGA-DU-6407-01A-13R-1708-07","Primary Tumor","Mutant","IDHmut-non-codel","IDHmut-K2","IDHmut-R3"
"102","TCGA-DU-6407","TCGA-DU-6407-02B-11R-A36H-07","Recurrent Tumor","Mutant","IDHmut-non-codel","IDHmut-K2","IDHmut-R3"
"103","TCGA-DU-6407","TCGA-DU-6407-02A-12R-A36H-07","Recurrent Tumor","Mutant","IDHmut-non-codel","IDHmut-K2","IDHmut-R3"
"104","TCGA-DU-6408","TCGA-DU-6408-01A-11R-1708-07","Primary Tumor","Mutant","IDHmut-non-codel","IDHmut-K2","IDHmut-R3"
"105","TCGA-DU-6410","TCGA-DU-6410-01A-11R-1896-07","Primary Tumor","Mutant","IDHmut-codel","IDHmut-K3","IDHmut-R1"
"106","TCGA-DU-6542","TCGA-DU-6542-01A-11R-1896-07","Primary Tumor","Mutant","IDHmut-non-codel","IDHmut-K2","IDHmut-R3"
"107","TCGA-DU-7006","TCGA-DU-7006-01A-11R-2027-07","Primary Tumor","WT","IDHwt","IDHwt-K2","IDHwt-R2"
"108","TCGA-DU-7007","TCGA-DU-7007-01A-11R-2027-07","Primary Tumor","Mutant","IDHmut-non-codel","IDHmut-K2","IDHmut-R3"
"109","TCGA-DU-7008","TCGA-DU-7008-01A-11R-2027-07","Primary Tumor","Mutant","IDHmut-non-codel","IDHmut-K2","IDHmut-R3"
"110","TCGA-DU-7009","TCGA-DU-7009-01A-11R-2027-07","Primary Tumor","Mutant","IDHmut-codel","IDHmut-K3","IDHmut-R2"
"111","TCGA-DU-7010","TCGA-DU-7010-01A-11R-2027-07","Primary Tumor","Mutant","IDHmut-non-codel","IDHmut-K1","IDHmut-R3"
"112","TCGA-DU-7011","TCGA-DU-7011-01A-11R-2027-07","Primary Tumor","Mutant","IDHmut-non-codel","IDHmut-K2","IDHmut-R3"
"113","TCGA-DU-7012","TCGA-DU-7012-01A-11R-2027-07","Primary Tumor","WT","IDHwt","IDHwt-K2","IDHwt-R2"
"114","TCGA-DU-7013","TCGA-DU-7013-01A-11R-2027-07","Primary Tumor","WT","IDHwt","IDHwt-K1","IDHwt-R3"
"115","TCGA-DU-7014","TCGA-DU-7014-01A-11R-2027-07","Primary Tumor",NA,NA,NA,NA
"116","TCGA-DU-7015","TCGA-DU-7015-01A-11R-2027-07","Primary Tumor","Mutant","IDHmut-non-codel","IDHmut-K2","IDHmut-R3"
"117","TCGA-DU-7018","TCGA-DU-7018-01A-11R-2027-07","Primary Tumor","Mutant","IDHmut-codel","IDHmut-K3","IDHmut-R1"
"118","TCGA-DU-7019","TCGA-DU-7019-01A-11R-2027-07","Primary Tumor","Mutant","IDHmut-non-codel","IDHmut-K2","IDHmut-R3"
"119","TCGA-DU-7290","TCGA-DU-7290-01A-11R-2027-07","Primary Tumor","WT","IDHwt","IDHwt-K2","IDHwt-R2"
"120","TCGA-DU-7292","TCGA-DU-7292-01A-11R-2027-07","Primary Tumor","WT","IDHwt","IDHwt-K1","IDHwt-R4"
"121","TCGA-DU-7294","TCGA-DU-7294-01A-11R-2027-07","Primary Tumor","Mutant","IDHmut-codel","IDHmut-K3","IDHmut-R1"
"122","TCGA-DU-7298","TCGA-DU-7298-01A-11R-2027-07","Primary Tumor","Mutant","IDHmut-non-codel","IDHmut-K2","IDHmut-R3"
"123","TCGA-DU-7299","TCGA-DU-7299-01A-21R-2027-07","Primary Tumor","Mutant","IDHmut-non-codel","IDHmut-K2","IDHmut-R3"
"124","TCGA-DU-7300","TCGA-DU-7300-01A-21R-2090-07","Primary Tumor","Mutant","IDHmut-codel","IDHmut-K3","IDHmut-R2"
"125","TCGA-DU-7301","TCGA-DU-7301-01A-11R-2090-07","Primary Tumor","Mutant","IDHmut-non-codel","IDHmut-K2","IDHmut-R3"
"126","TCGA-DU-7302","TCGA-DU-7302-01A-11R-2090-07","Primary Tumor","Mutant","IDHmut-codel","IDHmut-K3","IDHmut-R2"
"127","TCGA-DU-7304","TCGA-DU-7304-01A-12R-2090-07","Primary Tumor","Mutant","IDHmut-non-codel","IDHmut-K2","IDHmut-R2"
"128","TCGA-DU-7304","TCGA-DU-7304-02A-12R-A36H-07","Recurrent Tumor","Mutant","IDHmut-non-codel","IDHmut-K2","IDHmut-R2"
"129","TCGA-DU-7306","TCGA-DU-7306-01A-11R-2090-07","Primary Tumor","Mutant","IDHmut-non-codel","IDHmut-K2","IDHmut-R3"
"130","TCGA-DU-7309","TCGA-DU-7309-01A-11R-2090-07","Primary Tumor","Mutant","IDHmut-non-codel","IDHmut-K2","IDHmut-R2"
"131","TCGA-DU-8158","TCGA-DU-8158-01A-11R-2256-07","Primary Tumor","WT","IDHwt","IDHwt-K2","IDHwt-R2"
"132","TCGA-DU-8161","TCGA-DU-8161-01A-11R-2256-07","Primary Tumor","WT","IDHwt","IDHwt-K2","IDHwt-R2"
"133","TCGA-DU-8162","TCGA-DU-8162-01A-21R-2256-07","Primary Tumor","WT","IDHwt","IDHwt-K2","IDHwt-R4"
"134","TCGA-DU-8163","TCGA-DU-8163-01A-11R-2256-07","Primary Tumor","Mutant","IDHmut-non-codel","IDHmut-K2","IDHmut-R3"
"135","TCGA-DU-8164","TCGA-DU-8164-01A-11R-2256-07","Primary Tumor","Mutant","IDHmut-codel","IDHmut-K3","IDHmut-R2"
"136","TCGA-DU-8165","TCGA-DU-8165-01A-11R-2256-07","Primary Tumor","WT","IDHwt","IDHwt-K2","IDHwt-R2"
"137","TCGA-DU-8166","TCGA-DU-8166-01A-11R-2256-07","Primary Tumor","Mutant","IDHmut-non-codel","IDHmut-K2","IDHmut-R3"
"138","TCGA-DU-8167","TCGA-DU-8167-01A-11R-2256-07","Primary Tumor","Mutant","IDHmut-non-codel","IDHmut-K2","IDHmut-R3"
"139","TCGA-DU-8168","TCGA-DU-8168-01A-11R-2256-07","Primary Tumor","Mutant","IDHmut-codel","IDHmut-K3","IDHmut-R1"
"140","TCGA-DU-A5TP","TCGA-DU-A5TP-01A-11R-A28M-07","Primary Tumor","Mutant","IDHmut-non-codel","IDHmut-K2","IDHmut-R3"
"141","TCGA-DU-A5TR","TCGA-DU-A5TR-01A-11R-A28M-07","Primary Tumor","Mutant","IDHmut-non-codel","IDHmut-K2","IDHmut-R3"
"142","TCGA-DU-A5TS","TCGA-DU-A5TS-01A-11R-A28M-07","Primary Tumor","Mutant","IDHmut-non-codel","IDHmut-K2","IDHmut-R3"
"143","TCGA-DU-A5TT","TCGA-DU-A5TT-01A-11R-A28M-07","Primary Tumor","WT","IDHwt","IDHwt-K2","IDHwt-R4"
"144","TCGA-DU-A5TU","TCGA-DU-A5TU-01A-11R-A28M-07","Primary Tumor","Mutant","IDHmut-non-codel","IDHmut-K2","IDHmut-R3"
"145","TCGA-DU-A5TW","TCGA-DU-A5TW-01A-11R-A28M-07","Primary Tumor","Mutant","IDHmut-non-codel","IDHmut-K2","IDHmut-R3"
"146","TCGA-DU-A5TY","TCGA-DU-A5TY-01A-11R-A28M-07","Primary Tumor","WT","IDHwt","IDHwt-K2","IDHwt-R2"
"147","TCGA-DU-A6S2","TCGA-DU-A6S2-01A-21R-A32Q-07","Primary Tumor","Mutant","IDHmut-codel","IDHmut-K3","IDHmut-R2"
"148","TCGA-DU-A6S3","TCGA-DU-A6S3-01A-12R-A32Q-07","Primary Tumor","Mutant","IDHmut-codel","IDHmut-K3","IDHmut-R2"
"149","TCGA-DU-A6S6","TCGA-DU-A6S6-01A-21R-A32Q-07","Primary Tumor","Mutant","IDHmut-codel","IDHmut-K3","IDHmut-R2"
"150","TCGA-DU-A6S7","TCGA-DU-A6S7-01A-21R-A32Q-07","Primary Tumor","Mutant","IDHmut-non-codel","IDHmut-K2","IDHmut-R3"
"151","TCGA-DU-A6S8","TCGA-DU-A6S8-01A-12R-A32Q-07","Primary Tumor","Mutant","IDHmut-codel","IDHmut-K3","IDHmut-R1"
"152","TCGA-DU-A76K","TCGA-DU-A76K-01A-11R-A33Z-07","Primary Tumor","WT","IDHwt","IDHwt-K1","IDHwt-R4"
"153","TCGA-DU-A76L","TCGA-DU-A76L-01A-11R-A32Q-07","Primary Tumor","WT","IDHwt","IDHwt-K2","IDHwt-R3"
"154","TCGA-DU-A76O","TCGA-DU-A76O-01A-11R-A32Q-07","Primary Tumor","Mutant","IDHmut-non-codel","IDHmut-K2","IDHmut-R3"
"155","TCGA-DU-A76R","TCGA-DU-A76R-01A-11R-A32Q-07","Primary Tumor","Mutant","IDHmut-codel","IDHmut-K3","IDHmut-R2"
"156","TCGA-DU-A7T6","TCGA-DU-A7T6-01A-11R-A33Z-07","Primary Tumor","Mutant","IDHmut-codel","IDHmut-K3","IDHmut-R1"
"157","TCGA-DU-A7T8","TCGA-DU-A7T8-01A-21R-A34R-07","Primary Tumor","Mutant","IDHmut-non-codel","IDHmut-K2","IDHmut-R3"
"158","TCGA-DU-A7TA","TCGA-DU-A7TA-01A-11R-A33Z-07","Primary Tumor","Mutant","IDHmut-non-codel","IDHmut-K2","IDHmut-R3"
"159","TCGA-DU-A7TB","TCGA-DU-A7TB-01A-11R-A33Z-07","Primary Tumor","WT","IDHwt","IDHwt-K3","IDHwt-R3"
"160","TCGA-DU-A7TC","TCGA-DU-A7TC-01A-21R-A34R-07","Primary Tumor","Mutant","IDHmut-non-codel","IDHmut-K2","IDHmut-R2"
"161","TCGA-DU-A7TD","TCGA-DU-A7TD-01A-12R-A34F-07","Primary Tumor","WT","IDHwt","IDHwt-K2","IDHwt-R3"
"162","TCGA-DU-A7TG","TCGA-DU-A7TG-01A-21R-A34R-07","Primary Tumor","Mutant","IDHmut-non-codel","IDHmut-K1","IDHmut-R2"
"163","TCGA-DU-A7TI","TCGA-DU-A7TI-01A-11R-A33Z-07","Primary Tumor",NA,NA,NA,NA
"164","TCGA-DU-A7TJ","TCGA-DU-A7TJ-01A-11R-A34R-07","Primary Tumor","WT","IDHwt","IDHwt-K2","IDHwt-R1"
"165","TCGA-E1-5302","TCGA-E1-5302-01A-01R-1470-07","Primary Tumor","Mutant","IDHmut-non-codel","IDHmut-K2","IDHmut-R3"
"166","TCGA-E1-5303","TCGA-E1-5303-01A-01R-1470-07","Primary Tumor","Mutant","IDHmut-non-codel","IDHmut-K2","IDHmut-R3"
"167","TCGA-E1-5304","TCGA-E1-5304-01A-01R-1470-07","Primary Tumor","Mutant","IDHmut-non-codel","IDHmut-K1","IDHmut-R3"
"168","TCGA-E1-5305","TCGA-E1-5305-01A-01R-1896-07","Primary Tumor","Mutant","IDHmut-non-codel","IDHmut-K2","IDHmut-R2"
"169","TCGA-E1-5307","TCGA-E1-5307-01A-01R-1896-07","Primary Tumor","Mutant","IDHmut-non-codel","IDHmut-K2","IDHmut-R3"
"170","TCGA-E1-5311","TCGA-E1-5311-01A-01R-1470-07","Primary Tumor","Mutant","IDHmut-codel","IDHmut-K3","IDHmut-R2"
"171","TCGA-E1-5318","TCGA-E1-5318-01A-01R-1470-07","Primary Tumor","Mutant","IDHmut-codel","IDHmut-K3","IDHmut-R1"
"172","TCGA-E1-5319","TCGA-E1-5319-01A-01R-1896-07","Primary Tumor","Mutant","IDHmut-codel","IDHmut-K3","IDHmut-R1"
"173","TCGA-E1-5322","TCGA-E1-5322-01A-01R-1470-07","Primary Tumor","Mutant","IDHmut-non-codel","IDHmut-K2","IDHmut-R3"
"174","TCGA-E1-A7YD","TCGA-E1-A7YD-01A-11R-A34F-07","Primary Tumor","WT","IDHwt","IDHwt-K2","IDHwt-R3"
"175","TCGA-E1-A7YE","TCGA-E1-A7YE-01A-11R-A34F-07","Primary Tumor","Mutant","IDHmut-non-codel","IDHmut-K1","IDHmut-R3"
"176","TCGA-E1-A7YH","TCGA-E1-A7YH-01A-11R-A34F-07","Primary Tumor","Mutant","IDHmut-non-codel","IDHmut-K2","IDHmut-R3"
"177","TCGA-E1-A7YI","TCGA-E1-A7YI-01A-11R-A34F-07","Primary Tumor","Mutant","IDHmut-non-codel","IDHmut-K1","IDHmut-R3"
"178","TCGA-E1-A7YJ","TCGA-E1-A7YJ-01A-11R-A34F-07","Primary Tumor","WT","IDHwt","IDHwt-K1","IDHwt-R1"
"179","TCGA-E1-A7YK","TCGA-E1-A7YK-01A-11R-A34F-07","Primary Tumor","Mutant","IDHmut-non-codel","IDHmut-K1","IDHmut-R3"
"180","TCGA-E1-A7YL","TCGA-E1-A7YL-01A-11R-A34F-07","Primary Tumor","WT","IDHwt","IDHwt-K2","IDHwt-R3"
"181","TCGA-E1-A7YM","TCGA-E1-A7YM-01A-11R-A34F-07","Primary Tumor","WT","IDHwt","IDHwt-K2","IDHwt-R4"
"182","TCGA-E1-A7YN","TCGA-E1-A7YN-01A-11R-A34F-07","Primary Tumor","WT","IDHwt","IDHwt-K2","IDHwt-R2"
"183","TCGA-E1-A7YO","TCGA-E1-A7YO-01A-11R-A34F-07","Primary Tumor","Mutant","IDHmut-codel","IDHmut-K3","IDHmut-R2"
"184","TCGA-E1-A7YQ","TCGA-E1-A7YQ-01A-11R-A34R-07","Primary Tumor","WT","IDHwt","IDHwt-K1","IDHwt-R1"
"185","TCGA-E1-A7YS","TCGA-E1-A7YS-01A-11R-A34F-07","Primary Tumor","Mutant","IDHmut-codel","IDHmut-K3","IDHmut-R1"
"186","TCGA-E1-A7YU","TCGA-E1-A7YU-01A-11R-A34R-07","Primary Tumor","Mutant","IDHmut-non-codel","IDHmut-K2","IDHmut-R3"
"187","TCGA-E1-A7YV","TCGA-E1-A7YV-01A-11R-A34R-07","Primary Tumor","Mutant","IDHmut-non-codel","IDHmut-K1","IDHmut-R3"
"188","TCGA-E1-A7YW","TCGA-E1-A7YW-01A-11R-A34R-07","Primary Tumor","Mutant","IDHmut-non-codel","IDHmut-K2","IDHmut-R3"
"189","TCGA-E1-A7YY","TCGA-E1-A7YY-01A-11R-A34R-07","Primary Tumor","Mutant","IDHmut-non-codel","IDHmut-K1","IDHmut-R2"
"190","TCGA-E1-A7Z2","TCGA-E1-A7Z2-01A-21R-A34R-07","Primary Tumor","WT","IDHwt","IDHwt-K2","IDHwt-R4"
"191","TCGA-E1-A7Z3","TCGA-E1-A7Z3-01A-11R-A34R-07","Primary Tumor","Mutant","IDHmut-non-codel","IDHmut-K2","IDHmut-R2"
"192","TCGA-E1-A7Z4","TCGA-E1-A7Z4-01A-11R-A34R-07","Primary Tumor","Mutant","IDHmut-non-codel","IDHmut-K2","IDHmut-R3"
"193","TCGA-E1-A7Z6","TCGA-E1-A7Z6-01A-11R-A34R-07","Primary Tumor","Mutant","IDHmut-non-codel","IDHmut-K2","IDHmut-R3"
"194","TCGA-EZ-7264","TCGA-EZ-7264-01A-11R-2027-07","Primary Tumor","Mutant","IDHmut-codel","IDHmut-K3","IDHmut-R1"
"195","TCGA-F6-A8O3","TCGA-F6-A8O3-01A-11R-A36H-07","Primary Tumor","Mutant","IDHmut-codel","IDHmut-K3","IDHmut-R2"
"196","TCGA-F6-A8O4","TCGA-F6-A8O4-01A-11R-A36H-07","Primary Tumor","Mutant","IDHmut-non-codel","IDHmut-K2","IDHmut-R2"
"197","TCGA-FG-5962","TCGA-FG-5962-01B-11R-1896-07","Primary Tumor","Mutant","IDHmut-codel","IDHmut-K3","IDHmut-R2"
"198","TCGA-FG-5963","TCGA-FG-5963-01A-11R-1708-07","Primary Tumor","WT","IDHwt","IDHwt-K3","IDHwt-R3"
"199","TCGA-FG-5963","TCGA-FG-5963-02A-12R-A29R-07","Recurrent Tumor","WT","IDHwt","IDHwt-K3","IDHwt-R3"
"200","TCGA-FG-5964","TCGA-FG-5964-01A-11R-1708-07","Primary Tumor","Mutant","IDHmut-codel","IDHmut-K3","IDHmut-R2"
"201","TCGA-FG-5965","TCGA-FG-5965-02A-11R-A29R-07","Recurrent Tumor","Mutant","IDHmut-non-codel","IDHmut-K2","IDHmut-R3"
"202","TCGA-FG-5965","TCGA-FG-5965-02B-11R-A29R-07","Recurrent Tumor","Mutant","IDHmut-non-codel","IDHmut-K2","IDHmut-R3"
"203","TCGA-FG-5965","TCGA-FG-5965-01B-11R-1896-07","Primary Tumor","Mutant","IDHmut-non-codel","IDHmut-K2","IDHmut-R3"
"204","TCGA-FG-6688","TCGA-FG-6688-01A-11R-1896-07","Primary Tumor","WT","IDHwt","IDHwt-K2","IDHwt-R2"
"205","TCGA-FG-6689","TCGA-FG-6689-01A-11R-1896-07","Primary Tumor","Mutant","IDHmut-non-codel","IDHmut-K2","IDHmut-R3"
"206","TCGA-FG-6690","TCGA-FG-6690-01A-11R-1896-07","Primary Tumor","Mutant","IDHmut-non-codel","IDHmut-K2","IDHmut-R3"
"207","TCGA-FG-6691","TCGA-FG-6691-01A-11R-1896-07","Primary Tumor","Mutant","IDHmut-non-codel","IDHmut-K2","IDHmut-R3"
"208","TCGA-FG-6692","TCGA-FG-6692-01A-11R-1896-07","Primary Tumor","WT","IDHwt","IDHwt-K1","IDHwt-R1"
"209","TCGA-FG-7634","TCGA-FG-7634-01A-11R-2090-07","Primary Tumor","Mutant","IDHmut-codel","IDHmut-K3","IDHmut-R1"
"210","TCGA-FG-7636","TCGA-FG-7636-01A-11R-2090-07","Primary Tumor","Mutant","IDHmut-non-codel","IDHmut-K2","IDHmut-R3"
"211","TCGA-FG-7637","TCGA-FG-7637-01A-11R-2090-07","Primary Tumor","Mutant","IDHmut-non-codel","IDHmut-K3","IDHmut-R1"
"212","TCGA-FG-7638","TCGA-FG-7638-01B-12R-2090-07","Primary Tumor","Mutant","IDHmut-codel","IDHmut-K3","IDHmut-R2"
"213","TCGA-FG-7641","TCGA-FG-7641-01B-11R-2256-07","Primary Tumor","Mutant","IDHmut-codel","IDHmut-K3","IDHmut-R2"
"214","TCGA-FG-7643","TCGA-FG-7643-01A-11R-2090-07","Primary Tumor","WT","IDHwt","IDHwt-K2","IDHwt-R4"
"215","TCGA-FG-8181","TCGA-FG-8181-01A-11R-2256-07","Primary Tumor","WT","IDHwt","IDHwt-K3","IDHwt-R4"
"216","TCGA-FG-8182","TCGA-FG-8182-01A-11R-2256-07","Primary Tumor","Mutant","IDHmut-non-codel","IDHmut-K2","IDHmut-R3"
"217","TCGA-FG-8185","TCGA-FG-8185-01A-11R-2256-07","Primary Tumor","Mutant","IDHmut-non-codel","IDHmut-K2","IDHmut-R3"
"218","TCGA-FG-8186","TCGA-FG-8186-01A-11R-2256-07","Primary Tumor","Mutant","IDHmut-codel","IDHmut-K3","IDHmut-R1"
"219","TCGA-FG-8187","TCGA-FG-8187-01A-11R-2256-07","Primary Tumor","Mutant","IDHmut-codel","IDHmut-K3","IDHmut-R3"
"220","TCGA-FG-8188","TCGA-FG-8188-01A-11R-2256-07","Primary Tumor","Mutant","IDHmut-non-codel","IDHmut-K2","IDHmut-R3"
"221","TCGA-FG-8189","TCGA-FG-8189-01B-11R-A28M-07","Primary Tumor","Mutant","IDHmut-non-codel","IDHmut-K1","IDHmut-R2"
"222","TCGA-FG-8191","TCGA-FG-8191-01A-11R-2256-07","Primary Tumor","Mutant","IDHmut-non-codel","IDHmut-K2","IDHmut-R3"
"223","TCGA-FG-A4MT","TCGA-FG-A4MT-02A-11R-A29R-07","Recurrent Tumor","Mutant","IDHmut-non-codel","IDHmut-K2","IDHmut-R3"
"224","TCGA-FG-A4MT","TCGA-FG-A4MT-01A-11R-A26U-07","Primary Tumor","Mutant","IDHmut-non-codel","IDHmut-K2","IDHmut-R3"
"225","TCGA-FG-A4MU","TCGA-FG-A4MU-01B-11R-A28M-07","Primary Tumor","WT","IDHwt","IDHwt-K2","IDHwt-R1"
"226","TCGA-FG-A4MW","TCGA-FG-A4MW-01A-11R-A26U-07","Primary Tumor","WT","IDHwt","IDHwt-K1","IDHwt-R3"
"227","TCGA-FG-A4MX","TCGA-FG-A4MX-01A-11R-A26U-07","Primary Tumor","Mutant","IDHmut-non-codel","IDHmut-K2","IDHmut-R3"
"228","TCGA-FG-A4MY","TCGA-FG-A4MY-01A-11R-A26U-07","Primary Tumor","Mutant","IDHmut-non-codel","IDHmut-K2","IDHmut-R3"
"229","TCGA-FG-A60J","TCGA-FG-A60J-01A-11R-A28M-07","Primary Tumor","Mutant","IDHmut-non-codel","IDHmut-K2","IDHmut-R3"
"230","TCGA-FG-A60K","TCGA-FG-A60K-01A-11R-A29R-07","Primary Tumor","Mutant","IDHmut-codel","IDHmut-K3","IDHmut-R1"
"231","TCGA-FG-A60L","TCGA-FG-A60L-01A-12R-A31N-07","Primary Tumor","Mutant","IDHmut-non-codel","IDHmut-K2","IDHmut-R3"
"232","TCGA-FG-A6IZ","TCGA-FG-A6IZ-01A-11R-A31N-07","Primary Tumor","Mutant","IDHmut-codel","IDHmut-K3","IDHmut-R1"
"233","TCGA-FG-A6J1","TCGA-FG-A6J1-01A-11R-A31N-07","Primary Tumor","Mutant","IDHmut-codel","IDHmut-K3","IDHmut-R1"
"234","TCGA-FG-A6J3","TCGA-FG-A6J3-01A-11R-A31N-07","Primary Tumor","Mutant","IDHmut-non-codel","IDHmut-K1","IDHmut-R3"
"235","TCGA-FG-A70Y","TCGA-FG-A70Y-01A-12R-A34R-07","Primary Tumor","Mutant","IDHmut-non-codel","IDHmut-K2","IDHmut-R3"
"236","TCGA-FG-A70Z","TCGA-FG-A70Z-01A-12R-A33Z-07","Primary Tumor","WT","IDHwt","IDHwt-K2","IDHwt-R3"
"237","TCGA-FG-A710","TCGA-FG-A710-01A-12R-A33Z-07","Primary Tumor","Mutant","IDHmut-codel","IDHmut-K3","IDHmut-R1"
"238","TCGA-FG-A711","TCGA-FG-A711-01A-21R-A33Z-07","Primary Tumor","Mutant","IDHmut-non-codel","IDHmut-K2","IDHmut-R3"
"239","TCGA-FG-A713","TCGA-FG-A713-01A-11R-A32Q-07","Primary Tumor","Mutant","IDHmut-codel","IDHmut-K3","IDHmut-R2"
"240","TCGA-FG-A87N","TCGA-FG-A87N-01A-11R-A36H-07","Primary Tumor","Mutant","IDHmut-non-codel","IDHmut-K1","IDHmut-R3"
"241","TCGA-FG-A87Q","TCGA-FG-A87Q-01A-11R-A36H-07","Primary Tumor","WT","IDHwt","IDHwt-K1","IDHwt-R2"
"242","TCGA-FN-7833","TCGA-FN-7833-01A-11R-2090-07","Primary Tumor","Mutant","IDHmut-non-codel","IDHmut-K2","IDHmut-R3"
"243","TCGA-HT-7467","TCGA-HT-7467-01A-11R-2027-07","Primary Tumor","Mutant","IDHmut-codel","IDHmut-K3","IDHmut-R2"
"244","TCGA-HT-7468","TCGA-HT-7468-01A-11R-2027-07","Primary Tumor","Mutant","IDHmut-codel","IDHmut-K3","IDHmut-R1"
"245","TCGA-HT-7469","TCGA-HT-7469-01A-11R-2256-07","Primary Tumor","WT","IDHwt","IDHwt-K3","IDHwt-R3"
"246","TCGA-HT-7470","TCGA-HT-7470-01A-12R-2090-07","Primary Tumor","Mutant","IDHmut-non-codel","IDHmut-K2","IDHmut-R2"
"247","TCGA-HT-7471","TCGA-HT-7471-01A-11R-2256-07","Primary Tumor","Mutant","IDHmut-codel","IDHmut-K3","IDHmut-R1"
"248","TCGA-HT-7472","TCGA-HT-7472-01A-11R-2027-07","Primary Tumor","Mutant","IDHmut-non-codel","IDHmut-K2","IDHmut-R3"
"249","TCGA-HT-7473","TCGA-HT-7473-01A-11R-2027-07","Primary Tumor","Mutant","IDHmut-non-codel","IDHmut-K2","IDHmut-R3"
"250","TCGA-HT-7474","TCGA-HT-7474-01A-11R-2027-07","Primary Tumor","Mutant","IDHmut-non-codel","IDHmut-K2","IDHmut-R2"
"251","TCGA-HT-7475","TCGA-HT-7475-01A-11R-2027-07","Primary Tumor","Mutant","IDHmut-non-codel","IDHmut-K2","IDHmut-R2"
"252","TCGA-HT-7476","TCGA-HT-7476-01A-11R-2027-07","Primary Tumor","Mutant","IDHmut-non-codel","IDHmut-K2","IDHmut-R2"
"253","TCGA-HT-7477","TCGA-HT-7477-01B-11R-A28M-07","Primary Tumor","Mutant","IDHmut-non-codel","IDHmut-K1","IDHmut-R3"
"254","TCGA-HT-7478","TCGA-HT-7478-01A-11R-2027-07","Primary Tumor","Mutant","IDHmut-non-codel","IDHmut-K2","IDHmut-R3"
"255","TCGA-HT-7479","TCGA-HT-7479-01A-11R-2027-07","Primary Tumor","Mutant","IDHmut-non-codel","IDHmut-K2","IDHmut-R3"
"256","TCGA-HT-7480","TCGA-HT-7480-01A-11R-2090-07","Primary Tumor","Mutant","IDHmut-codel","IDHmut-K3","IDHmut-R2"
"257","TCGA-HT-7481","TCGA-HT-7481-01A-11R-2027-07","Primary Tumor","Mutant","IDHmut-codel","IDHmut-K3","IDHmut-R2"
"258","TCGA-HT-7482","TCGA-HT-7482-01A-11R-2027-07","Primary Tumor","Mutant","IDHmut-non-codel","IDHmut-K2","IDHmut-R3"
"259","TCGA-HT-7483","TCGA-HT-7483-01A-11R-2027-07","Primary Tumor","Mutant","IDHmut-non-codel","IDHmut-K2","IDHmut-R2"
"260","TCGA-HT-7485","TCGA-HT-7485-01A-11R-2027-07","Primary Tumor","Mutant","IDHmut-non-codel","IDHmut-K2","IDHmut-R3"
"261","TCGA-HT-7601","TCGA-HT-7601-01A-11R-2090-07","Primary Tumor","Mutant","IDHmut-non-codel","IDHmut-K2","IDHmut-R3"
"262","TCGA-HT-7602","TCGA-HT-7602-01A-21R-2090-07","Primary Tumor","Mutant","IDHmut-non-codel","IDHmut-K1","IDHmut-R3"
"263","TCGA-HT-7603","TCGA-HT-7603-01A-21R-2090-07","Primary Tumor","Mutant","IDHmut-non-codel","IDHmut-K2","IDHmut-R2"
"264","TCGA-HT-7604","TCGA-HT-7604-01A-11R-2090-07","Primary Tumor","Mutant","IDHmut-non-codel","IDHmut-K2","IDHmut-R3"
"265","TCGA-HT-7605","TCGA-HT-7605-01A-11R-2090-07","Primary Tumor","Mutant","IDHmut-codel","IDHmut-K3","IDHmut-R2"
"266","TCGA-HT-7606","TCGA-HT-7606-01A-11R-2090-07","Primary Tumor","Mutant","IDHmut-non-codel","IDHmut-K2","IDHmut-R3"
"267","TCGA-HT-7607","TCGA-HT-7607-01A-11R-2090-07","Primary Tumor","Mutant","IDHmut-codel","IDHmut-K3","IDHmut-R2"
"268","TCGA-HT-7608","TCGA-HT-7608-01A-11R-2090-07","Primary Tumor","Mutant","IDHmut-codel","IDHmut-K3","IDHmut-R1"
"269","TCGA-HT-7609","TCGA-HT-7609-01A-11R-2090-07","Primary Tumor","Mutant","IDHmut-non-codel","IDHmut-K2","IDHmut-R3"
"270","TCGA-HT-7610","TCGA-HT-7610-01A-21R-2090-07","Primary Tumor","Mutant","IDHmut-non-codel","IDHmut-K2","IDHmut-R2"
"271","TCGA-HT-7611","TCGA-HT-7611-01A-11R-2403-07","Primary Tumor","Mutant","IDHmut-non-codel","IDHmut-K2","IDHmut-R3"
"272","TCGA-HT-7616","TCGA-HT-7616-01A-11R-2256-07","Primary Tumor","Mutant","IDHmut-codel","IDHmut-K3","IDHmut-R1"
"273","TCGA-HT-7620","TCGA-HT-7620-01A-11R-2256-07","Primary Tumor","Mutant","IDHmut-codel","IDHmut-K3","IDHmut-R3"
"274","TCGA-HT-7676","TCGA-HT-7676-01A-11R-2403-07","Primary Tumor","Mutant","IDHmut-non-codel","IDHmut-K2","IDHmut-R3"
"275","TCGA-HT-7677","TCGA-HT-7677-01A-11R-2256-07","Primary Tumor","Mutant","IDHmut-codel","IDHmut-K3","IDHmut-R1"
"276","TCGA-HT-7680","TCGA-HT-7680-01A-11R-2256-07","Primary Tumor","WT","IDHwt","IDHwt-K3","IDHwt-R2"
"277","TCGA-HT-7681","TCGA-HT-7681-01A-11R-2403-07","Primary Tumor","Mutant","IDHmut-codel","IDHmut-K3","IDHmut-R2"
"278","TCGA-HT-7684","TCGA-HT-7684-01A-11R-2256-07","Primary Tumor","Mutant","IDHmut-non-codel","IDHmut-K2","IDHmut-R3"
"279","TCGA-HT-7686","TCGA-HT-7686-01A-11R-2256-07","Primary Tumor","Mutant","IDHmut-non-codel","IDHmut-K1","IDHmut-R3"
"280","TCGA-HT-7687","TCGA-HT-7687-01A-11R-2256-07","Primary Tumor","Mutant","IDHmut-codel","IDHmut-K3","IDHmut-R2"
"281","TCGA-HT-7688","TCGA-HT-7688-01A-11R-2256-07","Primary Tumor","Mutant","IDHmut-non-codel","IDHmut-K2","IDHmut-R2"
"282","TCGA-HT-7689","TCGA-HT-7689-01A-11R-2256-07","Primary Tumor","Mutant","IDHmut-non-codel","IDHmut-K2","IDHmut-R3"
"283","TCGA-HT-7690","TCGA-HT-7690-01A-11R-2256-07","Primary Tumor","Mutant","IDHmut-non-codel","IDHmut-K2","IDHmut-R3"
"284","TCGA-HT-7691","TCGA-HT-7691-01A-11R-2256-07","Primary Tumor","WT","IDHwt","IDHwt-K3","IDHwt-R2"
"285","TCGA-HT-7692","TCGA-HT-7692-01A-12R-2256-07","Primary Tumor","Mutant","IDHmut-codel","IDHmut-K3","IDHmut-R1"
"286","TCGA-HT-7693","TCGA-HT-7693-01A-11R-2256-07","Primary Tumor","Mutant","IDHmut-non-codel","IDHmut-K2","IDHmut-R3"
"287","TCGA-HT-7694","TCGA-HT-7694-01A-11R-2256-07","Primary Tumor","Mutant","IDHmut-codel","IDHmut-K3","IDHmut-R2"
"288","TCGA-HT-7695","TCGA-HT-7695-01A-11R-2256-07","Primary Tumor","Mutant","IDHmut-codel","IDHmut-K3","IDHmut-R2"
"289","TCGA-HT-7854","TCGA-HT-7854-01A-11R-2256-07","Primary Tumor","WT","IDHwt","IDHwt-K3","IDHwt-R4"
"290","TCGA-HT-7855","TCGA-HT-7855-01A-11R-2403-07","Primary Tumor","Mutant","IDHmut-non-codel","IDHmut-K2","IDHmut-R3"
"291","TCGA-HT-7856","TCGA-HT-7856-01A-11R-2403-07","Primary Tumor","Mutant","IDHmut-codel","IDHmut-K3","IDHmut-R2"
"292","TCGA-HT-7857","TCGA-HT-7857-01A-11R-2403-07","Primary Tumor","WT","IDHwt","IDHwt-K3","IDHwt-R2"
"293","TCGA-HT-7858","TCGA-HT-7858-01A-11R-2403-07","Primary Tumor","Mutant","IDHmut-non-codel","IDHmut-K2","IDHmut-R3"
"294","TCGA-HT-7860","TCGA-HT-7860-01A-11R-2403-07","Primary Tumor","WT","IDHwt","IDHwt-K1","IDHwt-R2"
"295","TCGA-HT-7873","TCGA-HT-7873-01B-11R-2403-07","Primary Tumor","Mutant","IDHmut-non-codel","IDHmut-K2","IDHmut-R3"
"296","TCGA-HT-7874","TCGA-HT-7874-01A-11R-2403-07","Primary Tumor","Mutant","IDHmut-codel","IDHmut-K3","IDHmut-R2"
"297","TCGA-HT-7875","TCGA-HT-7875-01A-11R-2403-07","Primary Tumor","Mutant","IDHmut-codel","IDHmut-K3","IDHmut-R2"
"298","TCGA-HT-7877","TCGA-HT-7877-01A-11R-2403-07","Primary Tumor","Mutant","IDHmut-codel","IDHmut-K3","IDHmut-R2"
"299","TCGA-HT-7879","TCGA-HT-7879-01A-11R-2403-07","Primary Tumor","Mutant","IDHmut-non-codel","IDHmut-K2","IDHmut-R3"
"300","TCGA-HT-7880","TCGA-HT-7880-01A-11R-2403-07","Primary Tumor","Mutant","IDHmut-non-codel","IDHmut-K1","IDHmut-R2"
"301","TCGA-HT-7881","TCGA-HT-7881-01A-11R-2403-07","Primary Tumor","Mutant","IDHmut-codel","IDHmut-K3","IDHmut-R2"
"302","TCGA-HT-7882","TCGA-HT-7882-01A-11R-2403-07","Primary Tumor","WT","IDHwt","IDHwt-K2","IDHwt-R2"
"303","TCGA-HT-7884","TCGA-HT-7884-01B-11R-2403-07","Primary Tumor","Mutant","IDHmut-non-codel","IDHmut-K2","IDHmut-R3"
"304","TCGA-HT-7902","TCGA-HT-7902-01A-12R-2403-07","Primary Tumor","Mutant","IDHmut-non-codel","IDHmut-K1","IDHmut-R3"
"305","TCGA-HT-8010","TCGA-HT-8010-01A-11R-2403-07","Primary Tumor","Mutant","IDHmut-codel","IDHmut-K3","IDHmut-R2"
"306","TCGA-HT-8011","TCGA-HT-8011-01A-11R-2403-07","Primary Tumor","WT","IDHwt","IDHwt-K2","IDHwt-R3"
"307","TCGA-HT-8012","TCGA-HT-8012-01A-11R-2403-07","Primary Tumor","Mutant","IDHmut-codel","IDHmut-K3","IDHmut-R1"
"308","TCGA-HT-8013","TCGA-HT-8013-01A-11R-2403-07","Primary Tumor","Mutant","IDHmut-non-codel","IDHmut-K2","IDHmut-R3"
"309","TCGA-HT-8015","TCGA-HT-8015-01B-11R-A28M-07","Primary Tumor","WT","IDHwt","IDHwt-K3","IDHwt-R4"
"310","TCGA-HT-8018","TCGA-HT-8018-01A-11R-2404-07","Primary Tumor","Mutant","IDHmut-non-codel","IDHmut-K1","IDHmut-R2"
"311","TCGA-HT-8019","TCGA-HT-8019-01A-21R-2404-07","Primary Tumor","WT","IDHwt","IDHwt-K3","IDHwt-R4"
"312","TCGA-HT-8104","TCGA-HT-8104-01A-11R-2404-07","Primary Tumor","WT","IDHwt","IDHwt-K1","IDHwt-R2"
"313","TCGA-HT-8105","TCGA-HT-8105-01A-11R-2404-07","Primary Tumor","Mutant","IDHmut-codel","IDHmut-K3","IDHmut-R2"
"314","TCGA-HT-8106","TCGA-HT-8106-01A-11R-2404-07","Primary Tumor","Mutant","IDHmut-non-codel","IDHmut-K1","IDHmut-R3"
"315","TCGA-HT-8107","TCGA-HT-8107-01A-13R-2404-07","Primary Tumor","WT","IDHwt","IDHwt-K3","IDHwt-R4"
"316","TCGA-HT-8108","TCGA-HT-8108-01A-11R-2404-07","Primary Tumor","Mutant","IDHmut-non-codel","IDHmut-K2","IDHmut-R3"
"317","TCGA-HT-8109","TCGA-HT-8109-01A-11R-2404-07","Primary Tumor","Mutant","IDHmut-codel","IDHmut-K3","IDHmut-R2"
"318","TCGA-HT-8110","TCGA-HT-8110-01A-11R-2404-07","Primary Tumor","WT","IDHwt","IDHwt-K2","IDHwt-R2"
"319","TCGA-HT-8111","TCGA-HT-8111-01A-11R-2404-07","Primary Tumor","Mutant","IDHmut-non-codel","IDHmut-K2","IDHmut-R3"
"320","TCGA-HT-8113","TCGA-HT-8113-01A-11R-2404-07","Primary Tumor","Mutant","IDHmut-non-codel","IDHmut-K3","IDHmut-R2"
"321","TCGA-HT-8114","TCGA-HT-8114-01A-11R-2404-07","Primary Tumor","Mutant","IDHmut-non-codel","IDHmut-K2","IDHmut-R3"
"322","TCGA-HT-8558","TCGA-HT-8558-01A-21R-2404-07","Primary Tumor","WT","IDHwt","IDHwt-K3","IDHwt-R4"
"323","TCGA-HT-8563","TCGA-HT-8563-01A-11R-2404-07","Primary Tumor","Mutant","IDHmut-non-codel","IDHmut-K1","IDHmut-R3"
"324","TCGA-HT-8564","TCGA-HT-8564-01A-11R-2404-07","Primary Tumor","WT","IDHwt","IDHwt-K3","IDHwt-R4"
"325","TCGA-HT-A4DS","TCGA-HT-A4DS-01A-11R-A26U-07","Primary Tumor","WT","IDHwt","IDHwt-K2","IDHwt-R2"
"326","TCGA-HT-A4DV","TCGA-HT-A4DV-01A-11R-A26U-07","Primary Tumor","Mutant","IDHmut-codel","IDHmut-K3","IDHmut-R1"
"327","TCGA-HT-A5R5","TCGA-HT-A5R5-01A-11R-A28M-07","Primary Tumor","Mutant","IDHmut-non-codel","IDHmut-K2","IDHmut-R3"
"328","TCGA-HT-A5R7","TCGA-HT-A5R7-01A-11R-A28M-07","Primary Tumor","Mutant","IDHmut-non-codel","IDHmut-K1","IDHmut-R2"
"329","TCGA-HT-A5R9","TCGA-HT-A5R9-01A-11R-A28M-07","Primary Tumor","Mutant","IDHmut-codel","IDHmut-K3","IDHmut-R1"
"330","TCGA-HT-A5RA","TCGA-HT-A5RA-01A-11R-A28M-07","Primary Tumor","WT","IDHwt","IDHwt-K2","IDHwt-R1"
"331","TCGA-HT-A5RB","TCGA-HT-A5RB-01A-11R-A28M-07","Primary Tumor","Mutant","IDHmut-non-codel","IDHmut-K2","IDHmut-R2"
"332","TCGA-HT-A5RC","TCGA-HT-A5RC-01A-11R-A28M-07","Primary Tumor","WT","IDHwt","IDHwt-K1","IDHwt-R2"
"333","TCGA-HT-A614","TCGA-HT-A614-01A-11R-A29R-07","Primary Tumor","Mutant","IDHmut-non-codel","IDHmut-K2","IDHmut-R3"
"334","TCGA-HT-A615","TCGA-HT-A615-01A-11R-A29R-07","Primary Tumor","Mutant","IDHmut-codel","IDHmut-K3","IDHmut-R1"
"335","TCGA-HT-A616","TCGA-HT-A616-01A-11R-A29R-07","Primary Tumor","Mutant","IDHmut-non-codel","IDHmut-K2","IDHmut-R2"
"336","TCGA-HT-A617","TCGA-HT-A617-01A-11R-A29R-07","Primary Tumor","WT","IDHwt","IDHwt-K1","IDHwt-R4"
"337","TCGA-HT-A618","TCGA-HT-A618-01A-11R-A29R-07","Primary Tumor","Mutant","IDHmut-non-codel","IDHmut-K1","IDHmut-R3"
"338","TCGA-HT-A619","TCGA-HT-A619-01A-11R-A29R-07","Primary Tumor","Mutant","IDHmut-codel","IDHmut-K3","IDHmut-R1"
"339","TCGA-HT-A61A","TCGA-HT-A61A-01A-11R-A29R-07","Primary Tumor","Mutant","IDHmut-non-codel","IDHmut-K1",NA
"340","TCGA-HT-A61B","TCGA-HT-A61B-01A-11R-A29R-07","Primary Tumor","Mutant","IDHmut-non-codel","IDHmut-K2","IDHmut-R3"
"341","TCGA-HT-A61C","TCGA-HT-A61C-01A-11R-A29R-07","Primary Tumor","WT","IDHwt","IDHwt-K2","IDHwt-R3"
"342","TCGA-HT-A74H","TCGA-HT-A74H-01A-11R-A32Q-07","Primary Tumor","WT","IDHwt","IDHwt-K2","IDHwt-R4"
"343","TCGA-HT-A74J","TCGA-HT-A74J-01A-12R-A32Q-07","Primary Tumor","Mutant","IDHmut-non-codel","IDHmut-K2","IDHmut-R2"
"344","TCGA-HT-A74K","TCGA-HT-A74K-01A-11R-A32Q-07","Primary Tumor","Mutant","IDHmut-codel","IDHmut-K3","IDHmut-R1"
"345","TCGA-HT-A74L","TCGA-HT-A74L-01A-11R-A32Q-07","Primary Tumor","Mutant","IDHmut-codel","IDHmut-K3","IDHmut-R1"
"346","TCGA-HT-A74O","TCGA-HT-A74O-01A-11R-A32Q-07","Primary Tumor","Mutant","IDHmut-non-codel","IDHmut-K2","IDHmut-R3"
"347","TCGA-HW-7486","TCGA-HW-7486-01A-11R-2027-07","Primary Tumor","Mutant","IDHmut-codel","IDHmut-K3","IDHmut-R3"
"348","TCGA-HW-7487","TCGA-HW-7487-01A-11R-2027-07","Primary Tumor","Mutant","IDHmut-codel","IDHmut-K3","IDHmut-R2"
"349","TCGA-HW-7489","TCGA-HW-7489-01A-11R-2027-07","Primary Tumor","Mutant","IDHmut-non-codel","IDHmut-K2","IDHmut-R2"
"350","TCGA-HW-7490","TCGA-HW-7490-01A-11R-2027-07","Primary Tumor","Mutant","IDHmut-non-codel","IDHmut-K2","IDHmut-R3"
"351","TCGA-HW-7491","TCGA-HW-7491-01A-11R-2027-07","Primary Tumor","Mutant","IDHmut-codel","IDHmut-K3","IDHmut-R1"
"352","TCGA-HW-7493","TCGA-HW-7493-01A-11R-2027-07","Primary Tumor",NA,NA,NA,NA
"353","TCGA-HW-7495","TCGA-HW-7495-01A-11R-2027-07","Primary Tumor","Mutant","IDHmut-codel","IDHmut-K3","IDHmut-R2"
"354","TCGA-HW-8319","TCGA-HW-8319-01A-11R-2404-07","Primary Tumor","Mutant","IDHmut-non-codel","IDHmut-K1","IDHmut-R3"
"355","TCGA-HW-8320","TCGA-HW-8320-01A-11R-2404-07","Primary Tumor","Mutant","IDHmut-non-codel","IDHmut-K2","IDHmut-R3"
"356","TCGA-HW-8321","TCGA-HW-8321-01A-11R-2404-07","Primary Tumor","Mutant","IDHmut-non-codel","IDHmut-K2","IDHmut-R3"
"357","TCGA-HW-8322","TCGA-HW-8322-01A-11R-2404-07","Primary Tumor","Mutant","IDHmut-codel","IDHmut-K3","IDHmut-R1"
"358","TCGA-HW-A5KJ","TCGA-HW-A5KJ-01A-12R-A27Q-07","Primary Tumor","Mutant","IDHmut-codel","IDHmut-K3","IDHmut-R1"
"359","TCGA-HW-A5KK","TCGA-HW-A5KK-01A-11R-A27Q-07","Primary Tumor","WT","IDHwt","IDHwt-K2","IDHwt-R4"
"360","TCGA-HW-A5KL","TCGA-HW-A5KL-01A-11R-A27Q-07","Primary Tumor","Mutant","IDHmut-non-codel","IDHmut-K2","IDHmut-R3"
"361","TCGA-HW-A5KM","TCGA-HW-A5KM-01A-11R-A27Q-07","Primary Tumor","Mutant","IDHmut-non-codel","IDHmut-K2","IDHmut-R3"
"362","TCGA-IK-7675","TCGA-IK-7675-01A-11R-2090-07","Primary Tumor","Mutant","IDHmut-non-codel","IDHmut-K1","IDHmut-R3"
"363","TCGA-IK-8125","TCGA-IK-8125-01A-11R-2256-07","Primary Tumor","Mutant","IDHmut-codel","IDHmut-K3","IDHmut-R2"
"364","TCGA-KT-A74X","TCGA-KT-A74X-01A-11R-A32Q-07","Primary Tumor","Mutant","IDHmut-codel","IDHmut-K3","IDHmut-R1"
"365","TCGA-KT-A7W1","TCGA-KT-A7W1-01A-11R-A34F-07","Primary Tumor","WT","IDHwt","IDHwt-K1","IDHwt-R1"
"366","TCGA-P5-A5ET","TCGA-P5-A5ET-01A-11R-A27Q-07","Primary Tumor","Mutant","IDHmut-codel","IDHmut-K3","IDHmut-R2"
"367","TCGA-P5-A5EU","TCGA-P5-A5EU-01A-11R-A27Q-07","Primary Tumor","Mutant","IDHmut-non-codel","IDHmut-K1","IDHmut-R3"
"368","TCGA-P5-A5EV","TCGA-P5-A5EV-01A-11R-A27Q-07","Primary Tumor","Mutant","IDHmut-non-codel","IDHmut-K2","IDHmut-R3"
"369","TCGA-P5-A5EW","TCGA-P5-A5EW-01A-11R-A27Q-07","Primary Tumor","Mutant","IDHmut-non-codel","IDHmut-K2","IDHmut-R3"
"370","TCGA-P5-A5EX","TCGA-P5-A5EX-01A-12R-A28M-07","Primary Tumor","Mutant","IDHmut-codel","IDHmut-K3","IDHmut-R3"
"371","TCGA-P5-A5EY","TCGA-P5-A5EY-01A-11R-A27Q-07","Primary Tumor","WT","IDHwt","IDHwt-K3","IDHwt-R4"
"372","TCGA-P5-A5EZ","TCGA-P5-A5EZ-01A-11R-A27Q-07","Primary Tumor","Mutant","IDHmut-non-codel","IDHmut-K2","IDHmut-R3"
"373","TCGA-P5-A5F0","TCGA-P5-A5F0-01A-11R-A28M-07","Primary Tumor","Mutant","IDHmut-codel","IDHmut-K3","IDHmut-R2"
"374","TCGA-P5-A5F1","TCGA-P5-A5F1-01A-11R-A28M-07","Primary Tumor","Mutant","IDHmut-non-codel","IDHmut-K2","IDHmut-R3"
"375","TCGA-P5-A5F2","TCGA-P5-A5F2-01A-11R-A28M-07","Primary Tumor","Mutant","IDHmut-non-codel","IDHmut-K2","IDHmut-R2"
"376","TCGA-P5-A5F4","TCGA-P5-A5F4-01A-11R-A28M-07","Primary Tumor","Mutant","IDHmut-non-codel","IDHmut-K2","IDHmut-R2"
"377","TCGA-P5-A5F6","TCGA-P5-A5F6-01A-11R-A28M-07","Primary Tumor","WT","IDHwt","IDHwt-K3","IDHwt-R2"
"378","TCGA-P5-A72U","TCGA-P5-A72U-01A-31R-A32Q-07","Primary Tumor","WT","IDHwt","IDHwt-K1","IDHwt-R1"
"379","TCGA-P5-A72W","TCGA-P5-A72W-01A-11R-A32Q-07","Primary Tumor","Mutant","IDHmut-non-codel","IDHmut-K2","IDHmut-R3"
"380","TCGA-P5-A72X","TCGA-P5-A72X-01A-11R-A32Q-07","Primary Tumor","Mutant","IDHmut-non-codel","IDHmut-K2","IDHmut-R3"
"381","TCGA-P5-A72Z","TCGA-P5-A72Z-01A-11R-A32Q-07","Primary Tumor","Mutant","IDHmut-codel","IDHmut-K3","IDHmut-R1"
"382","TCGA-P5-A730","TCGA-P5-A730-01A-11R-A32Q-07","Primary Tumor","Mutant","IDHmut-codel","IDHmut-K3","IDHmut-R1"
"383","TCGA-P5-A731","TCGA-P5-A731-01A-11R-A32Q-07","Primary Tumor","Mutant","IDHmut-non-codel","IDHmut-K2","IDHmut-R2"
"384","TCGA-P5-A733","TCGA-P5-A733-01A-11R-A32Q-07","Primary Tumor","Mutant","IDHmut-non-codel","IDHmut-K2","IDHmut-R3"
"385","TCGA-P5-A735","TCGA-P5-A735-01A-11R-A32Q-07","Primary Tumor","Mutant","IDHmut-non-codel","IDHmut-K2","IDHmut-R3"
"386","TCGA-P5-A736","TCGA-P5-A736-01A-11R-A32Q-07","Primary Tumor","Mutant","IDHmut-non-codel","IDHmut-K2","IDHmut-R3"
"387","TCGA-P5-A737","TCGA-P5-A737-01A-11R-A32Q-07","Primary Tumor","Mutant","IDHmut-codel","IDHmut-K3","IDHmut-R1"
"388","TCGA-P5-A77W","TCGA-P5-A77W-01A-11R-A32Q-07","Primary Tumor","Mutant","IDHmut-codel","IDHmut-K3","IDHmut-R1"
"389","TCGA-P5-A77X","TCGA-P5-A77X-01A-11R-A32Q-07","Primary Tumor","Mutant","IDHmut-codel","IDHmut-K3","IDHmut-R2"
"390","TCGA-P5-A780","TCGA-P5-A780-01A-12R-A32Q-07","Primary Tumor","Mutant","IDHmut-non-codel","IDHmut-K2","IDHmut-R3"
"391","TCGA-P5-A781","TCGA-P5-A781-01A-11R-A32Q-07","Primary Tumor","Mutant","IDHmut-codel","IDHmut-K3","IDHmut-R1"
"392","TCGA-QH-A65R","TCGA-QH-A65R-01A-21R-A31N-07","Primary Tumor","Mutant","IDHmut-codel","IDHmut-K3","IDHmut-R1"
"393","TCGA-QH-A65S","TCGA-QH-A65S-01A-11R-A29R-07","Primary Tumor","Mutant","IDHmut-non-codel","IDHmut-K1","IDHmut-R3"
"394","TCGA-QH-A65V","TCGA-QH-A65V-01A-11R-A29R-07","Primary Tumor","Mutant","IDHmut-codel","IDHmut-K3","IDHmut-R1"
"395","TCGA-QH-A65X","TCGA-QH-A65X-01A-11R-A32Q-07","Primary Tumor","Mutant","IDHmut-codel","IDHmut-K3","IDHmut-R1"
"396","TCGA-QH-A65Z","TCGA-QH-A65Z-01A-11R-A29R-07","Primary Tumor","Mutant","IDHmut-codel","IDHmut-K3","IDHmut-R1"
"397","TCGA-QH-A6CS","TCGA-QH-A6CS-01A-11R-A31N-07","Primary Tumor","WT","IDHwt","IDHwt-K3",NA
"398","TCGA-QH-A6CU","TCGA-QH-A6CU-01A-11R-A31N-07","Primary Tumor","Mutant","IDHmut-codel","IDHmut-K3","IDHmut-R3"
"399","TCGA-QH-A6CV","TCGA-QH-A6CV-01A-11R-A31N-07","Primary Tumor","WT","IDHwt","IDHwt-K1","IDHwt-R1"
"400","TCGA-QH-A6CW","TCGA-QH-A6CW-01A-11R-A32Q-07","Primary Tumor","Mutant","IDHmut-non-codel","IDHmut-K2","IDHmut-R3"
"401","TCGA-QH-A6CX","TCGA-QH-A6CX-01A-11R-A32Q-07","Primary Tumor","WT","IDHwt","IDHwt-K2","IDHwt-R4"
"402","TCGA-QH-A6CY","TCGA-QH-A6CY-01A-11R-A32Q-07","Primary Tumor","Mutant","IDHmut-codel","IDHmut-K3","IDHmut-R2"
"403","TCGA-QH-A6CZ","TCGA-QH-A6CZ-01A-11R-A32Q-07","Primary Tumor","Mutant","IDHmut-codel","IDHmut-K3","IDHmut-R2"
"404","TCGA-QH-A6X3","TCGA-QH-A6X3-01A-21R-A32Q-07","Primary Tumor","Mutant","IDHmut-non-codel","IDHmut-K2","IDHmut-R3"
"405","TCGA-QH-A6X4","TCGA-QH-A6X4-01A-51R-A32Q-07","Primary Tumor","Mutant","IDHmut-codel","IDHmut-K3","IDHmut-R1"
"406","TCGA-QH-A6X5","TCGA-QH-A6X5-01A-12R-A32Q-07","Primary Tumor","Mutant","IDHmut-codel","IDHmut-K3","IDHmut-R1"
"407","TCGA-QH-A6X8","TCGA-QH-A6X8-01A-12R-A32Q-07","Primary Tumor","Mutant","IDHmut-codel","IDHmut-K3","IDHmut-R1"
"408","TCGA-QH-A6X9","TCGA-QH-A6X9-01A-12R-A32Q-07","Primary Tumor","Mutant","IDHmut-non-codel","IDHmut-K2","IDHmut-R3"
"409","TCGA-QH-A6XA","TCGA-QH-A6XA-01A-12R-A32Q-07","Primary Tumor","Mutant","IDHmut-non-codel","IDHmut-K2","IDHmut-R3"
"410","TCGA-QH-A6XC","TCGA-QH-A6XC-01A-12R-A32Q-07","Primary Tumor","WT","IDHwt","IDHwt-K1","IDHwt-R4"
"411","TCGA-QH-A86X","TCGA-QH-A86X-01A-11R-A36H-07","Primary Tumor","Mutant","IDHmut-codel","IDHmut-K3","IDHmut-R1"
"412","TCGA-QH-A870","TCGA-QH-A870-01A-11R-A36H-07","Primary Tumor","Mutant","IDHmut-non-codel","IDHmut-K2","IDHmut-R3"
"413","TCGA-R8-A6MK","TCGA-R8-A6MK-01A-11R-A32Q-07","Primary Tumor","Mutant","IDHmut-codel","IDHmut-K3","IDHmut-R1"
"414","TCGA-R8-A6ML","TCGA-R8-A6ML-01A-11R-A32Q-07","Primary Tumor","Mutant","IDHmut-codel","IDHmut-K3","IDHmut-R1"
"415","TCGA-R8-A6MO","TCGA-R8-A6MO-01A-11R-A33Z-07","Primary Tumor","Mutant","IDHmut-codel","IDHmut-K3","IDHmut-R1"
"416","TCGA-R8-A6YH","TCGA-R8-A6YH-01A-21R-A32Q-07","Primary Tumor","Mutant","IDHmut-non-codel","IDHmut-K2","IDHmut-R3"
"417","TCGA-R8-A73M","TCGA-R8-A73M-01A-11R-A32Q-07","Primary Tumor","Mutant","IDHmut-codel","IDHmut-K3","IDHmut-R1"
"418","TCGA-RY-A83X","TCGA-RY-A83X-01A-11R-A36H-07","Primary Tumor","Mutant","IDHmut-codel","IDHmut-K3","IDHmut-R1"
"419","TCGA-RY-A83Y","TCGA-RY-A83Y-01A-11R-A36H-07","Primary Tumor","Mutant","IDHmut-codel","IDHmut-K3","IDHmut-R1"
"420","TCGA-RY-A83Z","TCGA-RY-A83Z-01A-11R-A36H-07","Primary Tumor","Mutant","IDHmut-non-codel","IDHmut-K1","IDHmut-R3"
"421","TCGA-RY-A840","TCGA-RY-A840-01A-11R-A36H-07","Primary Tumor","Mutant","IDHmut-codel","IDHmut-K3","IDHmut-R1"
"422","TCGA-RY-A843","TCGA-RY-A843-01A-11R-A36H-07","Primary Tumor","Mutant","IDHmut-non-codel","IDHmut-K2","IDHmut-R2"
"423","TCGA-RY-A845","TCGA-RY-A845-01A-11R-A36H-07","Primary Tumor","Mutant","IDHmut-non-codel","IDHmut-K2","IDHmut-R3"
"424","TCGA-RY-A847","TCGA-RY-A847-01A-11R-A36H-07","Primary Tumor","Mutant","IDHmut-codel","IDHmut-K3","IDHmut-R2"
"425","TCGA-S9-A6TS","TCGA-S9-A6TS-01A-12R-A33Z-07","Primary Tumor","Mutant","IDHmut-non-codel","IDHmut-K2","IDHmut-R3"
"426","TCGA-S9-A6TU","TCGA-S9-A6TU-01A-12R-A32Q-07","Primary Tumor","Mutant","IDHmut-non-codel","IDHmut-K2","IDHmut-R3"
"427","TCGA-S9-A6TV","TCGA-S9-A6TV-01A-12R-A34R-07","Primary Tumor","Mutant","IDHmut-non-codel","IDHmut-K1","IDHmut-R3"
"428","TCGA-S9-A6TW","TCGA-S9-A6TW-01A-12R-A32Q-07","Primary Tumor","Mutant","IDHmut-codel","IDHmut-K3","IDHmut-R1"
"429","TCGA-S9-A6TX","TCGA-S9-A6TX-01A-21R-A32Q-07","Primary Tumor","Mutant","IDHmut-codel","IDHmut-K3","IDHmut-R1"
"430","TCGA-S9-A6TY","TCGA-S9-A6TY-01A-12R-A32Q-07","Primary Tumor","Mutant","IDHmut-codel","IDHmut-K3","IDHmut-R2"
"431","TCGA-S9-A6TZ","TCGA-S9-A6TZ-01A-21R-A32Q-07","Primary Tumor","Mutant","IDHmut-non-codel","IDHmut-K2","IDHmut-R3"
"432","TCGA-S9-A6U0","TCGA-S9-A6U0-01A-12R-A32Q-07","Primary Tumor","WT","IDHwt","IDHwt-K2","IDHwt-R3"
"433","TCGA-S9-A6U1","TCGA-S9-A6U1-01A-21R-A33Z-07","Primary Tumor","Mutant","IDHmut-non-codel","IDHmut-K2","IDHmut-R3"
"434","TCGA-S9-A6U2","TCGA-S9-A6U2-01A-21R-A33Z-07","Primary Tumor","Mutant","IDHmut-codel","IDHmut-K3","IDHmut-R1"
"435","TCGA-S9-A6U5","TCGA-S9-A6U5-01A-12R-A33Z-07","Primary Tumor","Mutant","IDHmut-codel","IDHmut-K3","IDHmut-R1"
"436","TCGA-S9-A6U6","TCGA-S9-A6U6-01A-12R-A33Z-07","Primary Tumor","Mutant","IDHmut-non-codel","IDHmut-K2","IDHmut-R2"
"437","TCGA-S9-A6U8","TCGA-S9-A6U8-01A-21R-A33Z-07","Primary Tumor","Mutant","IDHmut-non-codel","IDHmut-K2","IDHmut-R3"
"438","TCGA-S9-A6U9","TCGA-S9-A6U9-01A-11R-A32Q-07","Primary Tumor","Mutant","IDHmut-non-codel","IDHmut-K2","IDHmut-R3"
"439","TCGA-S9-A6UA","TCGA-S9-A6UA-01A-12R-A33Z-07","Primary Tumor","WT","IDHwt","IDHwt-K3","IDHwt-R2"
"440","TCGA-S9-A6UB","TCGA-S9-A6UB-01A-21R-A33Z-07","Primary Tumor","Mutant","IDHmut-codel","IDHmut-K3","IDHmut-R1"
"441","TCGA-S9-A6WD","TCGA-S9-A6WD-01A-12R-A33Z-07","Primary Tumor","Mutant","IDHmut-codel","IDHmut-K3","IDHmut-R1"
"442","TCGA-S9-A6WE","TCGA-S9-A6WE-01A-12R-A33Z-07","Primary Tumor","Mutant","IDHmut-codel","IDHmut-K3","IDHmut-R1"
"443","TCGA-S9-A6WG","TCGA-S9-A6WG-01A-11R-A33Z-07","Primary Tumor","Mutant","IDHmut-non-codel","IDHmut-K2","IDHmut-R3"
"444","TCGA-S9-A6WH","TCGA-S9-A6WH-01A-12R-A33Z-07","Primary Tumor","Mutant","IDHmut-codel","IDHmut-K3","IDHmut-R1"
"445","TCGA-S9-A6WI","TCGA-S9-A6WI-01A-21R-A33Z-07","Primary Tumor","Mutant","IDHmut-non-codel","IDHmut-K1","IDHmut-R2"
"446","TCGA-S9-A6WL","TCGA-S9-A6WL-01A-21R-A33Z-07","Primary Tumor","Mutant","IDHmut-codel","IDHmut-K3","IDHmut-R2"
"447","TCGA-S9-A6WM","TCGA-S9-A6WM-01A-12R-A33Z-07","Primary Tumor","WT","IDHwt","IDHwt-K2","IDHwt-R1"
"448","TCGA-S9-A6WN","TCGA-S9-A6WN-01A-12R-A33Z-07","Primary Tumor","Mutant","IDHmut-codel","IDHmut-K3","IDHmut-R3"
"449","TCGA-S9-A6WO","TCGA-S9-A6WO-01A-21R-A34F-07","Primary Tumor","Mutant","IDHmut-non-codel","IDHmut-K2","IDHmut-R3"
"450","TCGA-S9-A6WP","TCGA-S9-A6WP-01A-12R-A34F-07","Primary Tumor","Mutant","IDHmut-codel","IDHmut-K3","IDHmut-R1"
"451","TCGA-S9-A6WQ","TCGA-S9-A6WQ-01A-12R-A34F-07","Primary Tumor","Mutant","IDHmut-non-codel","IDHmut-K2","IDHmut-R3"
"452","TCGA-S9-A7IQ","TCGA-S9-A7IQ-01A-21R-A34F-07","Primary Tumor","Mutant","IDHmut-codel","IDHmut-K3","IDHmut-R2"
"453","TCGA-S9-A7IS","TCGA-S9-A7IS-01A-11R-A34F-07","Primary Tumor","Mutant","IDHmut-non-codel","IDHmut-K1","IDHmut-R3"
"454","TCGA-S9-A7IX","TCGA-S9-A7IX-01A-12R-A34F-07","Primary Tumor","WT","IDHwt","IDHwt-K2","IDHwt-R4"
"455","TCGA-S9-A7IY","TCGA-S9-A7IY-01A-11R-A34F-07","Primary Tumor","Mutant","IDHmut-codel","IDHmut-K3","IDHmut-R1"
"456","TCGA-S9-A7IZ","TCGA-S9-A7IZ-01A-11R-A34F-07","Primary Tumor","Mutant","IDHmut-non-codel","IDHmut-K2","IDHmut-R3"
"457","TCGA-S9-A7J0","TCGA-S9-A7J0-01A-11R-A34F-07","Primary Tumor","Mutant","IDHmut-non-codel","IDHmut-K2","IDHmut-R3"
"458","TCGA-S9-A7J1","TCGA-S9-A7J1-01A-21R-A34R-07","Primary Tumor","Mutant","IDHmut-codel","IDHmut-K3","IDHmut-R1"
"459","TCGA-S9-A7J2","TCGA-S9-A7J2-01A-11R-A34F-07","Primary Tumor","Mutant","IDHmut-codel","IDHmut-K3","IDHmut-R1"
"460","TCGA-S9-A7J3","TCGA-S9-A7J3-01A-21R-A34R-07","Primary Tumor","Mutant","IDHmut-codel","IDHmut-K3","IDHmut-R1"
"461","TCGA-S9-A7QW","TCGA-S9-A7QW-01A-11R-A34F-07","Primary Tumor","Mutant","IDHmut-non-codel","IDHmut-K2","IDHmut-R3"
"462","TCGA-S9-A7QX","TCGA-S9-A7QX-01A-11R-A34F-07","Primary Tumor","Mutant","IDHmut-non-codel","IDHmut-K2","IDHmut-R3"
"463","TCGA-S9-A7QY","TCGA-S9-A7QY-01A-11R-A34F-07","Primary Tumor","Mutant","IDHmut-codel","IDHmut-K3","IDHmut-R1"
"464","TCGA-S9-A7QZ","TCGA-S9-A7QZ-01A-12R-A34R-07","Primary Tumor","Mutant","IDHmut-codel","IDHmut-K3","IDHmut-R2"
"465","TCGA-S9-A7R1","TCGA-S9-A7R1-01A-12R-A34R-07","Primary Tumor","Mutant","IDHmut-codel","IDHmut-K3","IDHmut-R2"
"466","TCGA-S9-A7R2","TCGA-S9-A7R2-01A-21R-A34R-07","Primary Tumor","WT","IDHwt","IDHwt-K2","IDHwt-R4"
"467","TCGA-S9-A7R3","TCGA-S9-A7R3-01A-11R-A34R-07","Primary Tumor","Mutant","IDHmut-non-codel","IDHmut-K2","IDHmut-R3"
"468","TCGA-S9-A7R4","TCGA-S9-A7R4-01A-12R-A34R-07","Primary Tumor","Mutant","IDHmut-non-codel","IDHmut-K2","IDHmut-R3"
"469","TCGA-S9-A7R7","TCGA-S9-A7R7-01A-11R-A34R-07","Primary Tumor","Mutant","IDHmut-non-codel","IDHmut-K2","IDHmut-R3"
"470","TCGA-S9-A7R8","TCGA-S9-A7R8-01A-11R-A34R-07","Primary Tumor","Mutant","IDHmut-non-codel","IDHmut-K2","IDHmut-R3"
"471","TCGA-S9-A89V","TCGA-S9-A89V-01A-11R-A36H-07","Primary Tumor","WT","IDHwt","IDHwt-K3","IDHwt-R3"
"472","TCGA-S9-A89Z","TCGA-S9-A89Z-01A-11R-A36H-07","Primary Tumor","Mutant","IDHmut-non-codel","IDHmut-K2","IDHmut-R3"
"473","TCGA-TM-A7C3","TCGA-TM-A7C3-01A-11R-A32Q-07","Primary Tumor","WT","IDHwt","IDHwt-K1","IDHwt-R1"
"474","TCGA-TM-A7C4","TCGA-TM-A7C4-01A-11R-A32Q-07","Primary Tumor","Mutant","IDHmut-non-codel","IDHmut-K2","IDHmut-R2"
"475","TCGA-TM-A7C5","TCGA-TM-A7C5-01A-11R-A32Q-07","Primary Tumor","Mutant","IDHmut-codel","IDHmut-K3","IDHmut-R2"
"476","TCGA-TM-A7CA","TCGA-TM-A7CA-01A-21R-A33Z-07","Primary Tumor","Mutant","IDHmut-non-codel","IDHmut-K2","IDHmut-R3"
"477","TCGA-TM-A7CF","TCGA-TM-A7CF-02A-11R-A32Q-07","Recurrent Tumor","Mutant","IDHmut-non-codel","IDHmut-K2","IDHmut-R2"
"478","TCGA-TM-A7CF","TCGA-TM-A7CF-01A-11R-A32Q-07","Primary Tumor","Mutant","IDHmut-non-codel","IDHmut-K2","IDHmut-R2"
"479","TCGA-TM-A84B","TCGA-TM-A84B-01A-11R-A36H-07","Primary Tumor","WT","IDHwt","IDHwt-K2","IDHwt-R3"
"480","TCGA-TM-A84C","TCGA-TM-A84C-01A-11R-A36H-07","Primary Tumor","WT","IDHwt","IDHwt-K3","IDHwt-R2"
"481","TCGA-TM-A84F","TCGA-TM-A84F-01A-11R-A36H-07","Primary Tumor","Mutant","IDHmut-non-codel","IDHmut-K1","IDHmut-R3"
"482","TCGA-TM-A84G","TCGA-TM-A84G-01A-11R-A36H-07","Primary Tumor","Mutant","IDHmut-codel","IDHmut-K3","IDHmut-R1"
"483","TCGA-TM-A84H","TCGA-TM-A84H-01A-11R-A36H-07","Primary Tumor","Mutant","IDHmut-non-codel","IDHmut-K2","IDHmut-R3"
"484","TCGA-TM-A84I","TCGA-TM-A84I-01A-11R-A36H-07","Primary Tumor","Mutant","IDHmut-non-codel","IDHmut-K1","IDHmut-R3"
"485","TCGA-TM-A84J","TCGA-TM-A84J-01A-11R-A36H-07","Primary Tumor","WT","IDHwt","IDHwt-K3","IDHwt-R3"
"486","TCGA-TM-A84L","TCGA-TM-A84L-01A-11R-A36H-07","Primary Tumor","Mutant","IDHmut-non-codel","IDHmut-K2","IDHmut-R3"
"487","TCGA-TM-A84M","TCGA-TM-A84M-01A-11R-A36H-07","Primary Tumor","Mutant","IDHmut-codel","IDHmut-K3","IDHmut-R1"
"488","TCGA-TM-A84O","TCGA-TM-A84O-01A-11R-A36H-07","Primary Tumor","Mutant","IDHmut-codel","IDHmut-K3","IDHmut-R1"
"489","TCGA-TM-A84Q","TCGA-TM-A84Q-01A-11R-A36H-07","Primary Tumor","Mutant","IDHmut-non-codel","IDHmut-K2","IDHmut-R3"
"490","TCGA-TM-A84R","TCGA-TM-A84R-01A-21R-A36H-07","Primary Tumor","Mutant","IDHmut-codel","IDHmut-K3","IDHmut-R2"
"491","TCGA-TM-A84S","TCGA-TM-A84S-01A-11R-A36H-07","Primary Tumor","Mutant","IDHmut-codel","IDHmut-K3","IDHmut-R1"
"492","TCGA-TM-A84T","TCGA-TM-A84T-01A-11R-A36H-07","Primary Tumor","Mutant","IDHmut-non-codel","IDHmut-K2","IDHmut-R3"
"493","TCGA-TQ-A7RF","TCGA-TQ-A7RF-01A-11R-A33Z-07","Primary Tumor","Mutant","IDHmut-non-codel","IDHmut-K2","IDHmut-R3"
"494","TCGA-TQ-A7RG","TCGA-TQ-A7RG-01A-11R-A33Z-07","Primary Tumor","Mutant","IDHmut-codel","IDHmut-K3","IDHmut-R1"
"495","TCGA-TQ-A7RH","TCGA-TQ-A7RH-01A-12R-A34F-07","Primary Tumor","Mutant","IDHmut-non-codel","IDHmut-K2","IDHmut-R3"
"496","TCGA-TQ-A7RI","TCGA-TQ-A7RI-01A-11R-A33Z-07","Primary Tumor","Mutant","IDHmut-codel","IDHmut-K3","IDHmut-R1"
"497","TCGA-TQ-A7RJ","TCGA-TQ-A7RJ-01A-11R-A33Z-07","Primary Tumor","Mutant","IDHmut-non-codel","IDHmut-K2","IDHmut-R3"
"498","TCGA-TQ-A7RK","TCGA-TQ-A7RK-02B-11R-A40A-07","Recurrent Tumor","Mutant","IDHmut-non-codel","IDHmut-K2","IDHmut-R3"
"499","TCGA-TQ-A7RK","TCGA-TQ-A7RK-01A-11R-A33Z-07","Primary Tumor","Mutant","IDHmut-non-codel","IDHmut-K2","IDHmut-R3"
"500","TCGA-TQ-A7RK","TCGA-TQ-A7RK-02A-11R-A36H-07","Recurrent Tumor","Mutant","IDHmut-non-codel","IDHmut-K2","IDHmut-R3"
"501","TCGA-TQ-A7RM","TCGA-TQ-A7RM-01A-11R-A33Z-07","Primary Tumor","Mutant","IDHmut-non-codel","IDHmut-K1","IDHmut-R3"
"502","TCGA-TQ-A7RN","TCGA-TQ-A7RN-01A-11R-A33Z-07","Primary Tumor","Mutant","IDHmut-codel","IDHmut-K3","IDHmut-R1"
"503","TCGA-TQ-A7RO","TCGA-TQ-A7RO-01A-11R-A33Z-07","Primary Tumor","Mutant","IDHmut-codel","IDHmut-K3","IDHmut-R1"
"504","TCGA-TQ-A7RP","TCGA-TQ-A7RP-01A-21R-A34F-07","Primary Tumor","WT","IDHwt","IDHwt-K2","IDHwt-R4"
"505","TCGA-TQ-A7RQ","TCGA-TQ-A7RQ-01A-11R-A33Z-07","Primary Tumor","Mutant","IDHmut-codel","IDHmut-K3","IDHmut-R1"
"506","TCGA-TQ-A7RR","TCGA-TQ-A7RR-01A-21R-A34F-07","Primary Tumor","Mutant","IDHmut-non-codel","IDHmut-K1","IDHmut-R3"
"507","TCGA-TQ-A7RS","TCGA-TQ-A7RS-01A-12R-A33Z-07","Primary Tumor","Mutant","IDHmut-codel","IDHmut-K3","IDHmut-R1"
"508","TCGA-TQ-A7RU","TCGA-TQ-A7RU-01A-21R-A34F-07","Primary Tumor","Mutant","IDHmut-codel","IDHmut-K3","IDHmut-R1"
"509","TCGA-TQ-A7RV","TCGA-TQ-A7RV-02A-11R-A36H-07","Recurrent Tumor","Mutant","IDHmut-non-codel","IDHmut-K2","IDHmut-R3"
"510","TCGA-TQ-A7RV","TCGA-TQ-A7RV-01A-21R-A34F-07","Primary Tumor","Mutant","IDHmut-non-codel","IDHmut-K2","IDHmut-R3"
"511","TCGA-TQ-A7RW","TCGA-TQ-A7RW-01A-11R-A33Z-07","Primary Tumor","Mutant","IDHmut-non-codel","IDHmut-K2","IDHmut-R3"
"512","TCGA-TQ-A8XE","TCGA-TQ-A8XE-01A-11R-A36H-07","Primary Tumor","Mutant","IDHmut-non-codel","IDHmut-K2","IDHmut-R3"
"513","TCGA-TQ-A8XE","TCGA-TQ-A8XE-02A-11R-A36H-07","Recurrent Tumor","Mutant","IDHmut-non-codel","IDHmut-K2","IDHmut-R3"
"514","TCGA-VM-A8C8","TCGA-VM-A8C8-01A-11R-A36H-07","Primary Tumor","Mutant","IDHmut-non-codel","IDHmut-K2","IDHmut-R3"
"515","TCGA-VM-A8C9","TCGA-VM-A8C9-01A-11R-A36H-07","Primary Tumor","WT","IDHwt","IDHwt-K3","IDHwt-R2"
"516","TCGA-VM-A8CA","TCGA-VM-A8CA-01A-11R-A36H-07","Primary Tumor","Mutant","IDHmut-non-codel","IDHmut-K3","IDHmut-R2"
"517","TCGA-VM-A8CB","TCGA-VM-A8CB-01A-11R-A36H-07","Primary Tumor","Mutant","IDHmut-codel","IDHmut-K3","IDHmut-R1"
"518","TCGA-VM-A8CD","TCGA-VM-A8CD-01A-11R-A36H-07","Primary Tumor","WT","IDHwt","IDHwt-K2","IDHwt-R4"
"519","TCGA-VM-A8CE","TCGA-VM-A8CE-01A-11R-A36H-07","Primary Tumor","Mutant","IDHmut-codel","IDHmut-K3","IDHmut-R1"
"520","TCGA-VM-A8CF","TCGA-VM-A8CF-01A-11R-A36H-07","Primary Tumor","Mutant","IDHmut-non-codel","IDHmut-K2","IDHmut-R3"
"521","TCGA-VM-A8CH","TCGA-VM-A8CH-01A-12R-A36H-07","Primary Tumor","Mutant","IDHmut-non-codel","IDHmut-K2","IDHmut-R3"
"522","TCGA-VV-A829","TCGA-VV-A829-01A-21R-A36H-07","Primary Tumor","Mutant","IDHmut-codel","IDHmut-K3","IDHmut-R1"
"523","TCGA-VV-A86M","TCGA-VV-A86M-01A-11R-A36H-07","Primary Tumor","Mutant","IDHmut-non-codel","IDHmut-K2","IDHmut-R3"
"524","TCGA-VW-A7QS","TCGA-VW-A7QS-01A-12R-A33Z-07","Primary Tumor","Mutant","IDHmut-codel","IDHmut-K3","IDHmut-R1"
"525","TCGA-VW-A8FI","TCGA-VW-A8FI-01A-11R-A36H-07","Primary Tumor","WT","IDHwt","IDHwt-K1","IDHwt-R3"
"526","TCGA-W9-A837","TCGA-W9-A837-01A-11R-A36H-07","Primary Tumor","Mutant","IDHmut-codel","IDHmut-K3","IDHmut-R2"
"527","TCGA-WH-A86K","TCGA-WH-A86K-01A-11R-A36H-07","Primary Tumor","Mutant","IDHmut-non-codel","IDHmut-K2","IDHmut-R3"
"528","TCGA-WY-A858","TCGA-WY-A858-01A-11R-A36H-07","Primary Tumor","Mutant","IDHmut-non-codel","IDHmut-K2","IDHmut-R3"
"529","TCGA-WY-A859","TCGA-WY-A859-01A-12R-A36H-07","Primary Tumor","Mutant","IDHmut-non-codel","IDHmut-K2","IDHmut-R2"
"530","TCGA-WY-A85A","TCGA-WY-A85A-01A-21R-A36H-07","Primary Tumor","Mutant","IDHmut-non-codel","IDHmut-K2","IDHmut-R3"
"531","TCGA-WY-A85B","TCGA-WY-A85B-01A-11R-A36H-07","Primary Tumor","Mutant","IDHmut-non-codel","IDHmut-K2","IDHmut-R3"
"532","TCGA-WY-A85C","TCGA-WY-A85C-01A-11R-A36H-07","Primary Tumor","Mutant","IDHmut-non-codel","IDHmut-K2","IDHmut-R3"
"533","TCGA-WY-A85D","TCGA-WY-A85D-01A-11R-A36H-07","Primary Tumor","Mutant","IDHmut-non-codel","IDHmut-K2","IDHmut-R3"
"534","TCGA-WY-A85E","TCGA-WY-A85E-01A-11R-A36H-07","Primary Tumor","Mutant","IDHmut-non-codel","IDHmut-K2","IDHmut-R3"
